smiles,score
CC(C(=O)O)c1ccc(-c2ccccc2)c(F)c1,0.8281666666666667
O=c1oc2ccccc2c(O)c1Cc1c(O)c2ccccc2oc1=O,0.827
CN1CCN(CCCN2c3ccccc3Sc3ccc(C(F)(F)F)cc32)CC1,0.823955959986613
CC(C)=CCC1C(=O)N(c2ccccc2)N(c2ccccc2)C1=O,0.8139374248719763
COc1cc2c(Nc3ccc(Br)cc3F)ncnc2cc1OCC1CCN(C)CC1,0.8118333333333334
COc1cc2ncnc(Nc3ccc(F)c(Cl)c3)c2cc1OCCCN1CCOCC1,0.8105000000000001
CCn1cc(C(=O)O)c(=O)c2cc(F)c(N3CCN(C)CC3)cc21,0.8063333333333333
COc1ccc(C(=O)NCc2cccnc2)cc1C(=O)NCc1cccnc1,0.8046666666666668
O=C1CCc2ccc(OCCCCN3CCN(c4cccc(Cl)c4Cl)CC3)cc2N1,0.8003333333333332
CC(=O)c1ccc2c(c1)N(CCCN1CCC(CCO)CC1)c1ccccc1S2,0.7973333333333333
Cc1nc2ccccn2c(=O)c1CCN1CCC(C(=O)c2ccc(F)cc2)CC1,0.7971666666666667
COc1ccc2c(c1)c(CC(=O)O)c(C)n2C(=O)c1ccc(Cl)cc1,0.7958333333333334
O=C(O)c1cc(N=Nc2ccc(S(=O)(=O)Nc3ccccn3)cc2)ccc1O,0.7951666666666667
Cc1ccc(-c2cc(C(F)(F)F)nn2-c2ccc(S(N)(=O)=O)cc2)cc1,0.7868333333333334
O=C1Cc2cc(CCN3CCN(c4nsc5ccccc45)CC3)c(Cl)cc2N1,0.7859281567232381
CN1CCN(C2=Nc3ccccc3Oc3ccc(Cl)cc32)CC1,0.7836666666666666
CC(C)Oc1ccc2c(=O)c(-c3ccccc3)coc2c1,0.7798333333333334
O=C(CCCN1CCC(n2c(=O)[nH]c3ccccc32)CC1)c1ccc(F)cc1,0.7796666666666666
O=C(Nc1ccc([N+](=O)[O-])cc1Cl)c1cc(Cl)ccc1O,0.7778333333333333
Nc1ccc(S(=O)(=O)Nc2ccnn2-c2ccccc2)cc1,0.7771666666666667
O=C1C(=O)c2ccccc2C(O)=C1C1CCC(c2ccc(Cl)cc2)CC1,0.7771666666666667
CC(=O)NS(=O)(=O)c1ccc(NC(=O)c2ccccc2C(=O)O)cc1,0.7768333333333333
O=C1NCCN1CCN1CCC(c2cn(-c3ccc(F)cc3)c3ccc(Cl)cc23)CC1,0.7766747569069486
CC(C(=O)O)c1cccc(C(=O)c2ccccc2)c1,0.7756666666666666
COc1ccccc1N1CCN(CC(O)COc2cccc3ccccc23)CC1,0.7754465660508059
C(=C/c1ccccc1)\CN1CCN(C(c2ccccc2)c2ccccc2)CC1,0.7735
CCn1cc(C(=O)O)c(=O)c2cc(F)c(N3CCNCC3)cc21,0.7735
Cc1cc2c(s1)Nc1ccccc1N=C2N1CCN(C)CC1,0.7661169962252855
CCCc1nn(C)c2c(=O)[nH]c(-c3cc(S(=O)(=O)N4CCN(C)CC4)ccc3OCC)nc12,0.7659590097800856
O=C1CCc2cc(OCCCCc3nnnn3C3CCCCC3)ccc2N1,0.7658474905097938
COc1ccc(-c2noc(CC(=O)O)c2-c2ccc(OC)cc2)cc1,0.7658333333333333
COC(=O)Nc1nc2ccc(C(=O)c3ccc(F)cc3)cc2[nH]1,0.7639999999999999
CCC1=C(C)CN(C(=O)NCCc2ccc(S(=O)(=O)NC(=O)NC3CCC(C)CC3)cc2)C1=O,0.7603853993792901
CC1(C)NC(=O)N(c2ccc([N+](=O)[O-])c(C(F)(F)F)c2)C1=O,0.7586596669896483
CCn1cc(C(=O)O)c(=O)c2cnc(N3CCNCC3)nc21,0.756735110073972
Cc1ccc(-c2ncc(Cl)cc2-c2ccc(S(C)(=O)=O)cc2)cn1,0.7545000000000001
O=C1Nc2ccccc2C1(c1ccc(O)cc1)c1ccc(O)cc1,0.7526666666666667
O=C(CCCN1CC=C(n2c(=O)[nH]c3ccccc32)CC1)c1ccc(F)cc1,0.752176089290799
CS(=O)(=O)c1ccc(C2=C(c3ccccc3)C(=O)OC2)cc1,0.7521666666666667
Cc1ccc(/C(=C\CN2CCCC2)c2ccccn2)cc1,0.751
CC(=O)Oc1cccc2c1C(=O)c1c(OC(C)=O)cc(C(=O)O)cc1C2=O,0.7493333333333334
O=C(O)c1cccnc1Nc1cccc(C(F)(F)F)c1,0.7468333333333333
CN1CCN(C2=Nc3cc(Cl)ccc3Nc3ccccc32)CC1,0.7435
CCn1cc(C(=O)O)c(=O)c2cc(F)c(N3CCNCC3)nc21,0.7431547864727219
COc1ccc2c(c1)C(=O)N(CCc1ccc(S(=O)(=O)NC(=O)NC3CCCCC3)cc1)C(=O)C2(C)C,0.742511371908705
CC(C)c1ccc2oc3nc(N)c(C(=O)O)cc3c(=O)c2c1,0.7423333333333333
CN(Cc1ccc(C(C)(C)C)cc1)Cc1cccc2ccccc12,0.7421666666666668
COc1ccccc1N1CCN(CCCNc2cc(=O)n(C)c(=O)n2C)CC1,0.742
COc1ccc(C(=O)CC(=O)c2ccc(C(C)(C)C)cc2)cc1,0.7411666666666666
O=C(O)Cc1ccc(-c2ccccc2)cc1,0.7404999999999999
CC(=O)Nc1ccc(OC(=O)c2ccccc2O)cc1,0.7393333333333333
CC(C)Nc1cccnc1N1CCN(C(=O)c2cc3cc(NS(C)(=O)=O)ccc3[nH]2)CC1,0.7389884535585898
O=C(O)Cc1sc(-c2ccccc2)nc1-c1ccc(Cl)cc1,0.7381666666666667
Cc1cnc(C(=O)NCCc2ccc(S(=O)(=O)NC(=O)NC3CCCCC3)cc2)cn1,0.7381666666666667
O=C(O)c1ccccc1Nc1cccc(C(F)(F)F)c1,0.7366666666666667
Cc1cc(NC(=O)C2=C(O)c3ccccc3S(=O)(=O)N2C)no1,0.7360695919107718
Cc1onc(-c2ccccc2)c1-c1ccc(S(N)(=O)=O)cc1,0.7360000000000001
COC(=O)Nc1nc2ccc(C(=O)c3ccccc3)cc2[nH]1,0.7351666666666666
CN(C)CCN1C(=O)c2ccccc2N(C)c2ccccc21,0.7346666666666667
O=C(CCCN1CCC(O)(c2ccc(Br)cc2)CC1)c1ccc(F)cc1,0.7320000000000001
c1cnc(N2CCN(Cc3ccc4c(c3)OCO4)CC2)nc1,0.7318333333333333
Clc1ccc(Nc2nnc(Cc3ccncc3)c3ccccc23)cc1,0.7316666666666666
CCOc1cc(N)c(Cl)cc1C(=O)NCC1CN(Cc2ccc(F)cc2)CCO1,0.7291271427615855
CC(=O)Oc1ccc(C(c2ccc(OC(C)=O)cc2)c2ccccn2)cc1,0.7281666666666666
O=C(O)c1ccccc1C(=O)Nc1ccc(S(=O)(=O)Nc2nccs2)cc1,0.7246666666666667
CC(C(=O)O)c1ccc(N2Cc3ccccc3C2=O)cc1,0.7245
Cc1cc(-n2c(=O)[nH]c(=O)n(C)c2=O)ccc1Oc1ccc(SC(F)(F)F)cc1,0.7223594798343392
Cc1ccc2c([nH]c(=O)c3c(=O)cc(C(=O)OCCC(C)C)oc32)c1C,0.7222114652184985
O=C(O)CCC(=O)c1ccc(-c2ccccc2)cc1,0.7211666666666666
O=C(Oc1cccc2cccnc12)c1ccccc1,0.721
COc1ccc(C2C(=O)c3ccccc3C2=O)cc1,0.7205
COc1cc(NS(=O)(=O)c2ccc(N)cc2)nc(OC)n1,0.7161666666666666
O=C(CCCN1CCC(O)(c2ccc(Cl)cc2)CC1)c1ccc(F)cc1,0.7153333333333333
CN(C/C=C/c1ccccc1)Cc1cccc2ccccc12,0.7148333333333333
CCCCC1C(=O)N(c2ccccc2)N(c2ccccc2)C1=O,0.7145
O=C(O)COc1nn(Cc2ccccc2)c2ccccc12,0.7133333333333334
O=C(OCCOCCO)c1ccccc1Nc1cccc(C(F)(F)F)c1,0.7116666666666666
Cc1noc(NS(=O)(=O)c2ccc(N)cc2)c1C,0.7105
Cc1c(-c2ccccc2)oc2c(C(=O)OCCN3CCCCC3)cccc2c1=O,0.7101666666666667
O=C(N/N=C/c1ccc([N+](=O)[O-])o1)c1ccc(O)cc1,0.7094634051862742
Cc1cccc(N(C)C(=S)Oc2ccc3ccccc3c2)c1,0.7083333333333334
COc1ccc(/C=C/C(=O)Nc2ccccc2C(=O)O)cc1OC,0.7061666666666667
COc1ccc2c(c1)c(CC(=O)OCC(=O)O)c(C)n2C(=O)c1ccc(Cl)cc1,0.7040000000000001
Cc1[nH]cnc1CN1CCc2c(c3ccccc3n2C)C1=O,0.7035184957944637
CCn1cc(C(=O)O)c(=O)c2cnc(N3CCCC3)nc21,0.7033333333333333
Cc1c(NC(=O)c2cccnc2)c(=O)n(-c2ccccc2)n1C,0.7026666666666667
CN1CCN(c2c(F)cc3c(=O)c(C(=O)O)cn(CCF)c3c2F)CC1,0.7025467516621424
O=c1[nH]c2ccccc2n1C1CCN(CCCC(c2ccc(F)cc2)c2ccc(F)cc2)CC1,0.7012124543163131
COC(=O)Nc1nc2ccc(C(=O)c3cccs3)cc2[nH]1,0.7006666666666667
Cc1oncc1C(=O)Nc1ccc(C(F)(F)F)cc1,0.699
CN1CCC(OC(c2ccccc2)c2ccccc2)CC1,0.6988333333333333
CCCOc1ccccc1-c1nc2n[nH]nc2c(=O)[nH]1,0.6968364547277169
CC(C)C1CCC(C(=O)N[C@H](Cc2ccccc2)C(=O)O)CC1,0.6960000000000001
Clc1ccc2c(c1)C(N1CCNCC1)=Nc1ccccc1O2,0.6958333333333333
CN1CCN(CC(=O)N2c3ccccc3C(=O)Nc3cccnc32)CC1,0.6948288440577542
Cc1cc(NS(=O)(=O)c2ccc(N)cc2)nc(C)n1,0.6933333333333334
Cc1cnc(NC(=O)C2=C(O)c3ccccc3S(=O)(=O)N2C)s1,0.6930214880803112
CN1CCC[C@@H]1Cc1c[nH]c2ccc(CCS(=O)(=O)c3ccccc3)cc12,0.6918784106907322
c1ccc(-c2ccc(C(c3ccccc3)n3ccnc3)cc2)cc1,0.6911666666666667
NS(=O)(=O)c1cc2c(cc1Cl)NC(CSCc1ccccc1)=NS2(=O)=O,0.6901232733665703
CCOC(=O)Nc1ccc2c(c1)N(C(=O)CCN1CCOCC1)c1ccccc1S2,0.6898015388552623
COc1cc2nc(N3CCN(C(=O)c4ccco4)CC3)nc(N)c2cc1OC,0.6891666666666666
O=C(O)COC(=O)Cc1ccccc1Nc1c(Cl)cccc1Cl,0.6885
CCCc1nc(C)c2c(=O)[nH]c(-c3cc(S(=O)(=O)N4CCN(CC)CC4)ccc3OCC)nn12,0.6867630168047761
O=C1c2ccccc2S(=O)(=O)N1CCCCN1CCN(c2ncccn2)CC1,0.6863333333333334
NS(=O)(=O)c1cc(C(=O)O)cc(N2CCCC2)c1Oc1ccccc1,0.685
Cc1ccc(NC(=O)c2ccc(CN3CCN(C)CC3)cc2)cc1Nc1nccc(-c2cccnc2)n1,0.6849830300655475
CCOC(=O)Nc1ccc(NCc2ccc(F)cc2)nc1N,0.6843333333333333
Cc1cccc(Nc2ccncc2S(=O)(=O)NC(=O)NC(C)C)c1,0.6816666666666666
Nc1ccc(S(=O)(=O)NC(=O)c2ccccc2)cc1,0.6808333333333333
O=C(CCCN1CCN(c2ccccn2)CC1)c1ccc(F)cc1,0.6795
COc1ccc(Cl)cc1C(=O)NCCc1ccc(S(=O)(=O)NC(=O)NC2CCCCC2)cc1,0.6791666666666667
O=C1OC(c2ccc(O)cc2)(c2ccc(O)cc2)c2ccccc21,0.6789999999999999
Nc1ccc(S(=O)(=O)Nc2ccc(Cl)nn2)cc1,0.6783333333333333
COc1ccc(C(Cl)=C(c2ccc(OC)cc2)c2ccc(OC)cc2)cc1,0.6775000000000001
CC(C)(Oc1ccc(CCNC(=O)c2ccc(Cl)cc2)cc1)C(=O)O,0.6765
COc1cc(-c2ccc(=O)[nH]n2)ccc1OC(F)F,0.6761666666666667
O=C1CCC(N2C(=O)c3ccccc3C2=O)C(=O)N1,0.6758637241547346
CN1CCN(C(c2ccccc2)c2ccccc2)CC1,0.6758333333333333
COc1cccc(N(C)C(=S)Oc2ccc3c(c2)CCCC3)n1,0.6755670169579253
CCn1nc(C(=O)O)c(=O)c2cc3c(cc21)OCO3,0.6745
Cc1c(C(=O)NN2CCCCC2)nn(-c2ccc(Cl)cc2Cl)c1-c1ccc(Cl)cc1,0.6741666666666667
COc1ccccc1OCC(O)CN1CCN(CC(=O)Nc2c(C)cccc2C)CC1,0.6739615349603697
Cc1cccc(CN2CCN(C(c3ccccc3)c3ccc(Cl)cc3)CC2)c1,0.672736805425781
CC(C(=O)O)c1ccc2c(c1)Cc1cccnc1O2,0.671218585803577
CC(=O)c1ccc2c(c1)N(CCCN(C)C)c1ccccc1S2,0.6707238918746601
CCOC(=O)c1c(N)sc2c1CCN(Cc1ccccc1)C2,0.6701666666666667
O=C(O)c1cc(-c2ccc(F)cc2F)ccc1O,0.6698333333333334
CNCCC(Oc1ccc(C(F)(F)F)cc1)c1ccccc1,0.6691088866930132
CS(=O)(=O)Nc1ccc([N+](=O)[O-])cc1Oc1ccccc1,0.669
N#Cc1cc(NC(=O)C(=O)O)c(Cl)c(NC(=O)C(=O)O)c1,0.6686595640402078
CCN1CCN(c2cc3c(cc2F)c(=O)c(C(=O)O)cn3C2CC2)CC1,0.6663333333333333
CCc1oc2ccccc2c1C(=O)c1ccc(O)cc1,0.6661666666666667
O=C(CCCN1CCC2(CC1)C(=O)NCN2c1ccccc1)c1ccc(F)cc1,0.6656804305829683
COc1ccc(NS(=O)(=O)c2ccc(N)cc2)nn1,0.6651666666666666
CNCc1cc(-c2ccccc2F)n(S(=O)(=O)c2cccnc2)c1,0.6638333333333333
Nc1c(CC(=O)O)cccc1C(=O)c1ccc(Br)cc1,0.6633333333333334
O=C(C1CCCCC1)N1CC(=O)N2CCc3ccccc3C2C1,0.6631672025941799
OCCN1CCN(CCCN2c3ccccc3Sc3ccc(Cl)cc32)CC1,0.6628333333333334
Cc1cccc(C)c1NC(=O)CN1CCN(CCCC(c2ccc(F)cc2)c2ccc(F)cc2)CC1,0.6623514465179197
CCCCOc1cc(C(=O)NCCN(CC)CC)c2ccccc2n1,0.662
CN(C)CC/C=C1\c2ccccc2CSc2ccccc21,0.6583333333333333
Nc1nc(N)c2nc(-c3ccccc3)c(N)nc2n1,0.6581666666666667
CC(=O)Oc1ccccc1C(=O)Oc1ccccc1C(=O)O,0.6578333333333334
COC(=O)Nc1nc2ccc(Sc3ccccc3)cc2[nH]1,0.657
COc1ccc2cc(CCC(C)=O)ccc2c1,0.6563333333333333
CN1CCN2c3ccccc3Cc3ccccc3C2C1,0.6560006751913288
CC(=O)CC(c1ccccc1)c1c(O)c2ccccc2oc1=O,0.6550888707529997
CN(C)CC/C=C1\c2ccccc2COc2ccccc21,0.6526666666666667
Cc1nnc(NS(=O)(=O)c2ccc(N)cc2)s1,0.6521666666666667
CCc1oc2ccccc2c1C(=O)c1cc(Br)c(O)c(Br)c1,0.6511666666666667
CCOC(=O)N1CCC(=C2c3ccc(Cl)cc3CCc3cccnc32)CC1,0.6506970464623449
CN(C)CCCN1c2ccccc2Sc2ccc(C(F)(F)F)cc21,0.6505
CN(C)C(=O)C(CCN1CCC(O)(c2ccc(Cl)cc2)CC1)(c1ccccc1)c1ccccc1,0.6498029141202276
COc1cc(NS(=O)(=O)c2ccc(N)cc2)ncn1,0.6496666666666666
CCN(C(C)=O)c1cccc(-c2ccnc3c(C#N)cnn23)c1,0.6490844815911418
Cc1cc(-c2ccccc2)nnc1NCCN1CCOCC1,0.6488333333333333
Cc1ccnc(NS(=O)(=O)c2ccc(N)cc2)n1,0.6485
CN(Cc1cc(Br)cc(Br)c1N)C1CCCCC1,0.6483333333333333
Cc1cccc(Nc2ccccc2C(=O)O)c1C,0.6476666666666667
Cc1ccc(Nc2c(F)cccc2Cl)c(CC(=O)O)c1,0.6476666666666667
CC(=O)Oc1ccc(C(=C2CCCCC2)c2ccc(OC(C)=O)cc2)cc1,0.6473333333333334
CCn1cc(C(=O)O)c(=O)c2cc3c(cc21)OCO3,0.6471666666666667
CC(C)C(=O)Nc1ccc([N+](=O)[O-])c(C(F)(F)F)c1,0.6455000000000001
COc1ccc2cc([C@H](C)C(=O)O)ccc2c1,0.6453333333333333
COc1ccc(Cc2nccc3cc(OC)c(OC)cc23)cc1OC,0.6441666666666667
CC(C)NCC(O)COc1cccc2[nH]c3ccccc3c12,0.6438264020214881
CCOc1nc2cccc(C(=O)O)c2n1Cc1ccc(-c2ccccc2-c2nn[nH]n2)cc1,0.643210655079974
CC(Cc1cccc(C(F)(F)F)c1)NCCOC(=O)c1ccccc1,0.6425000000000001
CN1CCN(c2c(F)cc3c(=O)c(C(=O)O)cn4c3c2SCC4)CC1,0.6415382635911219
Cc1c(Cl)cccc1Nc1ncccc1C(=O)O,0.6401666666666667
Cc1cc(C(=O)NNCc2ccccc2)no1,0.6395
CCOC(=O)NNc1nncc2ccccc12,0.6389999999999999
NC(=O)Cc1cccc(C(=O)c2ccccc2)c1N,0.6385000000000001
CC(C)=C/C(C)=N/Nc1nncc2ccccc12,0.6368740186782609
CC(=O)CCCCn1c(=O)c2c(ncn2C)n(C)c1=O,0.6368333333333333
CC(C)NCC(O)c1ccc2ccccc2c1,0.6363333333333333
NS(=O)(=O)c1cc(C(=O)O)c(NCc2ccco2)cc1Cl,0.6361666666666667
Cc1c(Cl)cccc1Nc1ccccc1C(=O)O,0.6358333333333334
Cc1cc(NS(=O)(=O)c2ccc(N)cc2)no1,0.6346666666666666
CCN(CC)Cc1cc(Nc2ccnc3cc(Cl)ccc23)ccc1O,0.6332334536988308
O=C(CCNNC(=O)c1ccncc1)NCc1ccccc1,0.6321666666666667
CC1Cc2ccccc2N1NC(=O)c1ccc(Cl)c(S(N)(=O)=O)c1,0.6285966981260671
COc1ccc2[nH]cc(CCNC(C)=O)c2c1,0.6278333333333334
Cc1ccnc2c1NC(=O)c1cccnc1N2C1CC1,0.6275669313844198
O=C1c2c(O)cccc2Cc2cccc(O)c21,0.6275
NC(=O)c1cn(Cc2c(F)cccc2F)nn1,0.6269999999999999
CCCCc1ccc2nc(NC(=O)OC)[nH]c2c1,0.6266666666666666
CCc1cccc(CC)c1NC(=O)CN(CC(=O)O)CC(=O)O,0.6243333333333334
O=C1c2ccccc2C(=O)C1c1ccccc1,0.624
CCN(CC)CCOC(=O)C(c1ccccc1)c1ccccc1,0.6231666666666666
CSc1nc2cc(Oc3cccc(Cl)c3Cl)c(Cl)cc2[nH]1,0.6225
Cc1ccc(C)c(OCCCC(C)(C)C(=O)O)c1,0.6223333333333333
CC(C)OC(=O)C(C)(C)Oc1ccc(C(=O)c2ccc(Cl)cc2)cc1,0.6221666666666666
CN1CCC(=C2c3ccccc3Sc3ccccc32)CC1,0.6221031351909985
CCN1CCCC1CNC(=O)c1cc(S(N)(=O)=O)ccc1OC,0.6215538344795474
OCC(O)CN1CCN(c2ccccc2)CC1,0.6213333333333333
CC(CCc1ccc(O)cc1)NCCc1ccc(O)c(O)c1,0.6211581142360001
COc1cnc(NS(=O)(=O)c2ccc(N)cc2)nc1,0.6203333333333334
CC(CNC1CCCCC1)OC(=O)c1ccccc1,0.6203333333333334
COc1ccc(C(=O)c2ccccc2O)c(O)c1,0.6190000000000001
Cc1cc2cc3c(C)cc(=O)oc3c(C)c2o1,0.6189537285934064
CCOc1cc(CC(=O)N[C@@H](CC(C)C)c2ccccc2N2CCCCC2)ccc1C(=O)O,0.6182263419878438
O=C(O)Cc1ccccc1Oc1ccc(Cl)cc1Cl,0.6176666666666667
O=C1C(CCS(=O)c2ccccc2)C(=O)N(c2ccccc2)N1c1ccccc1,0.6168314900231853
CC(C)(C)CC(C)(C)c1ccc(O)c(Cc2ccc(Cl)cc2Cl)c1,0.6151666666666666
CCN1CCCC(OC(=O)C(c2ccccc2)c2ccccc2)C1,0.6146531560462355
Cc1cc(C#N)cc(C)c1Oc1nc(Nc2ccc(C#N)cc2)nc(N)c1Br,0.6141710285272863
CCc1ccc(CCOc2ccc(CC3SC(=O)NC3=O)cc2)nc1,0.6121765504478744
O=C1NCN(c2ccccc2)C12CCN(CCCC(c1ccc(F)cc1)c1ccc(F)cc1)CC2,0.6120946886841935
CCOC(=O)c1ccc(C#Cc2ccc3c(c2)C(C)(C)CCS3)nc1,0.6113487037874092
CN(C/C=C/C#CC(C)(C)C)Cc1cccc2ccccc12,0.6111575920483272
CN(C)CC/C=C1/c2ccccc2Sc2ccc(Cl)cc21,0.6109433015564423
CN1CC(=O)N2[C@H](Cc3c([nH]c4ccccc34)[C@H]2c2ccc3c(c2)OCO3)C1=O,0.6109418354224783
CCCCOC(=O)c1ccccc1Nc1cccc(C(F)(F)F)c1,0.6095
CCc1nn(CCCN2CCN(c3cccc(Cl)c3)CC2)c(=O)n1CCOc1ccccc1,0.6083908846924413
CC(=O)NC[C@H]1CN(c2ccc(N3CCOCC3)c(F)c2)C(=O)O1,0.60813056573754
COc1ccc(C2CNC(=O)C2)cc1OC1CCCC1,0.6075174051981911
CN(C)CCc1c[nH]c2ccc(Cn3cncn3)cc12,0.6074999999999999
C[C@H](CCc1ccccc1)NC[C@H](O)c1ccc(O)c(C(N)=O)c1,0.6060967639199163
CC(C(=O)O)c1ccc(C(=O)c2ccccc2)s1,0.606078103647147
Nc1ccc(S(=O)(=O)Nc2ccccn2)cc1,0.6055
c1ccc2[nH]c(-c3cscn3)nc2c1,0.6048333333333332
CC(C(=O)O)c1ccc(C(=O)c2cccs2)cc1,0.6036666666666667
CN(C)CCCOc1nn(Cc2ccccc2)c2ccccc12,0.602
COc1ncnc(NS(=O)(=O)c2ccc(N)cc2)c1OC,0.602
COc1cc(Cc2cnc(N)nc2N)cc(OC)c1OC,0.6015
CCCCC1(COC(=O)CCC(=O)O)C(=O)N(c2ccccc2)N(c2ccccc2)C1=O,0.6014885255629235
CN1C(C(=O)Nc2ccccn2)=C(O)c2sccc2S1(=O)=O,0.6014692281182612
Cc1ccc(C(=O)C(C)CN2CCCCC2)cc1,0.6013333333333333
COc1cc2c(cc1OC)C(=O)C(CC1CCN(Cc3ccccc3)CC1)C2,0.6008560704129406
N#Cc1ccc(C(c2ccc(C#N)cc2)n2cncn2)cc1,0.6003333333333334
Cc1nc2ccccc2n1Cc1ccc(Cl)cc1,0.6003333333333334
O=C(O)Cc1csc(-c2ccc(Cl)cc2)n1,0.5996666666666667
CC(CCc1ccccc1)NCC(O)c1ccc(O)c(C(N)=O)c1,0.5985127171231222
O=C(NCCN1CCOCC1)c1ccc(Cl)cc1,0.5985
CC[N+](CC)(CC(=O)Nc1c(C)cccc1C)Cc1ccccc1,0.5976312355775827
CCCCC1C(=O)N(c2ccccc2)N(c2ccc(O)cc2)C1=O,0.5973107085450595
Cc1cccc(C)c1NC(=O)CC12CCCN1CCC2,0.596905882405476
Cc1cccc(C)c1NC(=O)CN1CCCC1=O,0.5958333333333333
Nc1c2ccccc2nc2ccccc12,0.5953333333333334
c1coc(CNc2ncnc3nc[nH]c23)c1,0.5950000000000001
Nc1ccc(S(=O)(=O)Nc2ncccn2)cc1,0.5948333333333333
CCN(CC)CCOC(=O)C(O)(c1ccccc1)c1ccccc1,0.5943333333333333
O=C(O)CCC(=O)Nc1ccc(S(=O)(=O)Nc2nccs2)cc1,0.5941666666666667
Cc1scc2c1N(C(=O)CN1CCN(C)CC1)c1ccccc1NC2=O,0.5917083155262263
CNS(=O)(=O)Cc1ccc2[nH]cc(CCN(C)C)c2c1,0.5904107858172833
COc1ccc(C(=O)c2ccc(C)cc2)c(O)c1,0.5903333333333333
Oc1ccc(OCc2ccccc2)cc1,0.5901666666666667
CCN(CC)CCNc1ccc(CO)c2sc3ccccc3c(=O)c12,0.5898430654945684
O=C(NCCCN1CCOCC1)c1ccc(Cl)cc1,0.589
CN(C)CCOC(c1ccccc1)c1ccccc1,0.5875
CC(C)Cn1cnc2c(N)nc3ccccc3c21,0.5863333333333333
CC(/C=C1\SC(=S)N(CC(=O)O)C1=O)=C\c1ccccc1,0.5841666666666666
CCc1ccc(C(=O)C(C)CN2CCCCC2)cc1,0.5838333333333333
O=C(O)CNC(=O)C(CS)Cc1ccccc1,0.5831666666666666
CCCN(CCC)C(=O)C(CCC(=O)O)NC(=O)c1ccccc1,0.5828333333333333
c1ccc2c(c1)Nc1ccccc1S2,0.5825
Cc1c(N(C)C)c(=O)n(-c2ccccc2)n1C,0.5825
COc1ccc(CN2CCN(C(c3ccc(F)cc3)c3ccc(F)cc3)CC2)c(OC)c1OC,0.5823512066558741
COc1cc(C(=O)NCc2ccc(OCCN(C)C)cc2)cc(OC)c1OC,0.5821666666666667
CC(=O)OCC(=O)NCCCOc1cccc(CN2CCCCC2)c1,0.581
CN(C)CCCN1c2ccccc2Sc2ccc(Cl)cc21,0.5804999999999999
CNCC[C@@H](Oc1cccc2ccccc12)c1cccs1,0.5804195857512376
NS(=O)(=O)Cc1noc2ccccc12,0.5803333333333334
Cc1ccc2c(Cl)cc(Cl)c(O)c2n1,0.5801666666666666
CN(C(=O)C(Cl)Cl)c1ccc(OC(=O)c2ccco2)cc1,0.579832008145811
C[C@H](NCc1ccc(OCc2cccc(F)c2)cc1)C(N)=O,0.5793333333333334
CC(C)C(=O)c1c(C(C)C)nn2ccccc12,0.5788333333333333
COc1ccc(CCN2CCC(Nc3nc4ccccc4n3Cc3ccc(F)cc3)CC2)cc1,0.5786851054258138
CCOc1ccc2nc(S(N)(=O)=O)sc2c1,0.5785
Nc1nnc(-c2cccc(Cl)c2Cl)c(N)n1,0.5783333333333333
CCCNCC(O)COc1ccccc1C(=O)CCc1ccccc1,0.576927814048477
CCCN1CCCC[C@H]1C(=O)Nc1c(C)cccc1C,0.5766666666666667
COC(=O)Nc1nc2ccc(SC(C)C)cc2[nH]1,0.5761666666666666
CCCCN1CCCCC1C(=O)Nc1c(C)cccc1C,0.5753333333333334
CN1CCN(C(c2ccccc2)c2ccc(Cl)cc2)CC1,0.5751666666666666
CCCCOc1ccc(C(=O)CCN2CCCCC2)cc1,0.5746666666666668
C[C@H](NCCc1ccc(O)cc1)[C@H](O)c1ccc(O)cc1,0.5739278879589271
C[C@H]1COc2c(N3CCN(C)CC3)c(F)cc3c(=O)c(C(=O)O)cn1c23,0.5737980764150765
Cc1ccc(N(CC2=NCCN2)c2cccc(O)c2)cc1,0.5736729198705381
CCN(Cc1ccncc1)C(=O)C(CO)c1ccccc1,0.5735862654703923
CC(=O)CC(c1ccc([N+](=O)[O-])cc1)c1c(O)c2ccccc2oc1=O,0.5727041544359631
Cc1c(N)c(=O)n(-c2ccccc2)n1C,0.5711666666666666
O=C(O)c1cc(=O)c2ccccc2o1,0.5708333333333333
Cc1[nH]c(=O)c(C#N)cc1-c1ccncc1,0.5708333333333333
COc1ccc(CN(CCN(C)C)c2ccccn2)cc1,0.5703333333333332
CC(C)(C(=O)c1cccnc1)c1cccnc1,0.5698333333333333
C=C(CC)C(=O)c1ccc(OCC(=O)O)c(Cl)c1Cl,0.5691131743847055
CC(C)NCC(O)c1ccc(NS(C)(=O)=O)cc1,0.5689941886843732
CC(O)(CS(=O)(=O)c1ccc(F)cc1)C(=O)Nc1ccc(C#N)c(C(F)(F)F)c1,0.5687707029911698
Nc1cccc2c1C(=O)N(C1CCC(=O)NC1=O)C2=O,0.5686747003661521
Cc1ccccc1C(=O)Nc1ccc(C(=O)N2CCCC(O)c3cc(Cl)ccc32)c(C)c1,0.5683443573879282
CC(NCCC(c1ccccc1)c1ccccc1)c1ccccc1,0.5683333333333334
Cc1nc2n(c(=O)c1CCN1CCC(c3noc4cc(F)ccc34)CC1)CCCC2O,0.5678363618690893
Cc1c(NC(C)C)c(=O)n(-c2ccccc2)n1C,0.5666666666666668
CCCCNc1cc(C(=O)O)cc(S(N)(=O)=O)c1Oc1ccccc1,0.5658333333333333
CCCCc1nc(Cl)c(CO)n1Cc1ccc(-c2ccccc2-c2nn[nH]n2)cc1,0.5642416674934013
Oc1ccc(Cl)cc1Cc1cc(Cl)ccc1O,0.5631666666666666
CC(C)N=C(N)/N=C(\N)Nc1ccc(Cl)cc1,0.5628420179877952
COC[C@@H](NC(C)=O)C(=O)NCc1ccccc1,0.5626666666666668
CCCCc1cc2ccccc2c(OCCN(C)C)n1,0.5623333333333332
CCCCOc1ccc(CC(=O)NO)cc1,0.5618979437577457
COc1ccc(C(=O)NCc2ccc(OCCN(C)C)cc2)cc1OC,0.5618333333333334
CN[C@@H]1CCc2[nH]c3ccc(C(N)=O)cc3c2C1,0.5614650647825608
COc1ccc(OC)c(C(O)CNC(=O)CN)c1,0.559926787692225
CC/C(=C(/CC)c1ccc(O)cc1)c1ccc(O)cc1,0.5595
C/C=C(C(=C/C)/c1ccc(O)cc1)\c1ccc(O)cc1,0.5591666666666667
COc1cc(OC)c(C(=O)CCCN2CCCC2)c(OC)c1,0.5588333333333333
CN(CCOc1ccc(NS(C)(=O)=O)cc1)CCc1ccc(NS(C)(=O)=O)cc1,0.5588333333333333
NC(=O)OCC(COC(N)=O)c1ccccc1,0.5569999999999999
CCCNC(=O)NS(=O)(=O)c1ccc(Cl)cc1,0.5568333333333334
NS(=O)(=O)c1cc(Cl)c(Cl)c(S(N)(=O)=O)c1,0.5563333333333333
C#Cc1cccc(Nc2ncnc3cc(OCCOC)c(OCCOC)cc23)c1,0.5562037338842867
Cn1c(=O)c2c(ncn2CC(=O)O)n(C)c1=O,0.5561666666666666
Cc1c(OCC(F)(F)F)ccnc1CS(=O)c1nc2ccccc2[nH]1,0.5553329015854218
OC(c1ccccc1)(c1ccccc1)C1CCNCC1,0.5535
COc1c(-c2ccc3cc(NS(C)(=O)=O)ccc3c2)cc(-n2ccc(=O)[nH]c2=O)cc1C(C)(C)C,0.5531445413691221
O=C(O)c1ccccc1OP(=O)(O)O,0.5529999999999999
CCOC(=O)C1=C(C)NC(C)=C(C(=O)OC)C1c1cccc([N+](=O)[O-])c1,0.552112113774136
COc1cc2nc(N3CCN(C(=O)C4CCCO4)CC3)nc(N)c2cc1OC,0.5515240213011232
CC(=O)Oc1ccccc1C(=O)Nc1ncc([N+](=O)[O-])s1,0.5514116520939338
COc1ccc(CN2CCNCC2)c(OC)c1OC,0.5506666666666667
OC(Cn1cncn1)(Cn1cncn1)c1ccc(F)cc1F,0.5505422247488531
CN[C@H]1CC[C@@H](c2ccc(Cl)c(Cl)c2)c2ccccc21,0.5503301764960417
N[C@@H](Cc1c[nH]c2ccccc12)C(=O)O,0.5498333333333334
Oc1c(Cl)cc(Cl)c(Cl)c1Cc1c(O)c(Cl)cc(Cl)c1Cl,0.549728633627947
CN(CCOc1ccc(CC2SC(=O)NC2=O)cc1)c1ccccn1,0.5496505027078641
CCCCC1=NC2(CCCC2)C(=O)N1Cc1ccc(-c2ccccc2-c2nn[nH]n2)cc1,0.5495882353641671
Oc1c(Cl)cc(Cl)cc1Sc1cc(Cl)cc(Cl)c1O,0.5484640267754601
CCCCC(=O)N(Cc1ccc(-c2ccccc2-c2nn[nH]n2)cc1)[C@H](C(=O)O)C(C)C,0.5482257200821762
CCOc1ccc2c(c1)C(C)=CC(C)(C)N2,0.5481666666666666
Cc1ccc(C(=O)c2cc(O)c(O)c([N+](=O)[O-])c2)cc1,0.5468501326591996
COc1cccc(CCc2ccccc2OCC(CN(C)C)OC(=O)CCC(=O)O)c1,0.5462751680214855
Nc1ccc(S(=O)(=O)Nc2nccs2)cc1,0.5438333333333333
Clc1ccccc1C(c1ccccc1)(c1ccccc1)n1ccnc1,0.5430297417718613
NS(=O)(=O)c1cc(C2(O)NC(=O)c3ccccc32)ccc1Cl,0.5429824285081357
CCCCNC(=O)NS(=O)(=O)c1ccc(C)cc1,0.5423333333333332
CCN(CC)CCOC(=O)C1(C2CCCCC2)CCCCC1,0.5420123476780957
Nc1ccc(C(=O)NCC(=O)O)cc1,0.5419999999999999
Nc1nc(N)nc(-c2cc(Cl)ccc2Cl)n1,0.5419999999999999
CCCOC(=O)Cc1ccc(OCC(=O)N(CC)CC)c(OC)c1,0.5413333333333333
Cc1ccc(=O)n(-c2ccccc2)c1,0.5411666666666667
Clc1ccc(COC(Cn2ccnc2)c2ccc(Cl)cc2Cl)c(Cl)c1,0.5405108446385295
CC[N+](C)(CC)CCOC(=O)C1c2ccccc2Oc2ccccc21,0.5401268112501043
CN1CCN2c3ncccc3Cc3ccccc3C2C1,0.5390910585294187
COc1cc(C)nc(-n2nc(C)cc2OC)n1,0.5389708654901056
CCCC(=O)Nc1ccc(OCC(O)CNC(C)C)c(C(C)=O)c1,0.5385063763512549
CN(C)CCN(Cc1ccc(Cl)cc1)c1ccccn1,0.5383333333333334
Cc1cc(C2CCCCC2)n(O)c(=O)c1,0.5377883927035679
Cn1c(NCCN(CCO)CCCc2ccc([N+](=O)[O-])cc2)cc(=O)n(C)c1=O,0.5377783694716358
COc1cc(S(C)=O)ccc1-c1nc2ncccc2[nH]1,0.5375824194235309
Nc1cc(-c2ccncc2)c[nH]c1=O,0.5375
CN1CCN(CCCN2c3ccccc3Sc3ccc(S(=O)(=O)N(C)C)cc32)CC1,0.5361682393797275
CC1COc2c(N3CCN(C)CC3)c(F)cc3c(=O)c(C(=O)O)cn1c23,0.5361681414648414
CNCC[C@@H](Oc1ccccc1C)c1ccccc1,0.5361666666666666
NC(=O)NS(=O)(=O)c1ccc(N)cc1,0.536
COc1cc(/C=C/C(=O)N2CCN(CC(=O)N3CCCC3)CC2)cc(OC)c1OC,0.5359728326015565
CSc1ccc2c(c1)N(CCC1CCCCN1C)c1ccccc1S2,0.5344020716252545
CC(C)c1c(CN(C)C(C)Cc2ccccc2)n(C)n(-c2ccccc2)c1=O,0.533449911158674
CCCCOCCOCCOCc1cc2c(cc1CCC)OCO2,0.533
CC(C(=O)O)c1ccc(N2CC=CC2)c(Cl)c1,0.5329849597244747
CC(=O)Oc1cc(C(F)(F)F)ccc1C(=O)O,0.5328333333333334
CC1CC(OC(=O)c2ccccc2O)CC(C)(C)C1,0.532826744757186
COc1ccc(C(=O)c2ccccc2)c(O)c1,0.5325000000000001
CC1CCc2c(N3CCC(O)CC3)c(F)cc3c(=O)c(C(=O)O)cn1c23,0.5323918581687029
CCCCNc1c(C(=O)OCC)c(C)nc2c1cnn2CC,0.5319252072616314
CCCCCCNC(=O)n1cc(F)c(=O)[nH]c1=O,0.5318333333333333
CN(C)C/C=C(/c1ccc(Br)cc1)c1cccnc1,0.5316254621363962
CNC(=O)OCc1cccc(COC(=O)NC)n1,0.5315
CC(C)NCC(O)COc1cccc2[nH]ccc12,0.5311875585239948
CC(=O)Nc1ccc(CC(=O)O)cc1,0.5311666666666667
O=C(c1cc(O)c(O)c(O)c1)c1ccc(O)c(O)c1O,0.5308811021675149
Clc1ccc(C(Cn2ccnc2)OCc2c(Cl)cccc2Cl)c(Cl)c1,0.5306896012176415
Oc1cc(Cl)ccc1Oc1ccc(Cl)cc1Cl,0.5299999999999999
Cc1cc(=O)oc2cc(O)ccc12,0.5298333333333334
NC(=O)OCC(O)COc1ccc(Cl)cc1,0.5291666666666667
COc1cc(C(=O)NC2CCCNC2)cc(OC)c1OC,0.5281666666666666
N[C@@H](Cc1ccc(O)c(O)c1)C(=O)O,0.5278333333333333
CC(C)[N+](C)(CCOC(=O)C1c2ccccc2Oc2ccccc21)C(C)C,0.5276093691630963
COC(=O)CCc1ccc(OCC(O)CNC(C)C)cc1,0.5249115915918473
Cc1cccc(C)c1NC(=O)C1CCCCN1C,0.5246666666666666
CN(CCCN1c2ccccc2CCc2ccccc21)CC(=O)c1ccc(Cl)cc1,0.5241411698353756
COC(c1ccccc1)(c1ccccc1)[C@H](Oc1nc(C)cc(C)n1)C(=O)O,0.5236961890778695
CC(C)NC[C@H](O)COc1cccc2ccccc12,0.5233333333333333
CC(=O)OCC(CCn1cnc2cnc(N)nc21)COC(C)=O,0.5228986003936966
CCCc1nc(C(C)(C)O)c(C(=O)O)n1Cc1ccc(-c2ccccc2-c2nn[nH]n2)cc1,0.5220469751819872
CN1C(=O)CC(c2ccccc2)C1=O,0.5219999999999999
CC(C(=O)O)c1ccc(CC2CCCC2=O)cc1,0.5212261585615042
COc1ccc(C(=O)N2CCCC2=O)cc1,0.5208333333333334
NC(=O)CS(=O)C(c1ccccc1)c1ccccc1,0.5203775159316415
CC(C)(C#N)c1cc(Cn2cncn2)cc(C(C)(C)C#N)c1,0.5193769860381429
CCOc1ccc(Cc2nccc3cc(OCC)c(OCC)cc23)cc1OCC,0.5189476775889341
CC(Cc1ccccc1)NCCC(c1ccccc1)c1ccccc1,0.5185667459293437
CNNCc1ccc(C(=O)NC(C)C)cc1,0.5176666666666666
CNCCC(Oc1ccccc1OC)c1ccccc1,0.5175000000000001
CCOC(=O)C(C)(C)Oc1ccc(Cl)cc1,0.517
COc1cc(C(=O)N2CCOCC2)cc(OC)c1OC,0.5168333333333334
CCOc1ccc(NC(=O)CC(C)O)cc1,0.5156666666666667
CC1CCc2cc(F)cc3c(=O)c(C(=O)O)cn1c23,0.5153374191465936
CCCNC(C)C(=O)Nc1ccccc1C,0.5148333333333334
COc1ccc2nc(S(=O)Cc3ncc(C)c(OC)c3C)[nH]c2c1,0.5138079098467805
CCCNC(C)(C)C(=O)Nc1ccccc1C,0.5125000000000001
CCCN(CCC)S(=O)(=O)c1ccc(C(=O)O)cc1,0.5125000000000001
CCOC(=O)CC(=O)N1CCSC1COc1ccccc1OC,0.5123361762254532
CCN1CCN(Cc2ccc(Nc3ncc(F)c(-c4cc(F)c5nc(C)n(C(C)C)c5c4)n3)nc2)CC1,0.511650766007944
CN(C)CCCN1c2ccccc2Sc2ccccc21,0.511
CCN(CC)CCNC(=O)c1ccc(N)cc1,0.5106666666666667
CC1=C(CC(=O)O)c2cc(F)ccc2/C1=C\c1ccc(S(C)=O)cc1,0.5097119143283829
Nc1ccc(S(=O)(=O)c2ccc(N)cc2)cc1,0.5095000000000001
CCCSc1ccc2nc(NC(=O)OC)[nH]c2c1,0.5095000000000001
COC(=O)C1=C(C)NC(C)=C(C(=O)OC)C1c1ccccc1[N+](=O)[O-],0.5086666666666666
CC(CCc1ccccc1)NC(C)C(O)c1ccc(O)cc1,0.5086247508256928
CCC(c1ccc(O)cc1)C(CC)c1ccc(O)cc1,0.5084628378623894
Cn1c(=O)c2c(ncn2CC2OCCO2)n(C)c1=O,0.5083544676560938
CCN1CC(CCN2CCOCC2)C(c2ccccc2)(c2ccccc2)C1=O,0.5074751048041694
CCOc1ccccc1OCC1CNCCO1,0.5067229982695094
Cc1c(F)c(N2CCNC(C)C2)cc2c1c(=O)c(C(=O)O)cn2C1CC1,0.5066636645525062
CC(COc1ccccc1)N(CCCl)Cc1ccccc1,0.5059999999999999
NC1CCN(c2c(F)cc3c(=O)c(C(=O)O)cn(C4CC4)c3c2Cl)C1,0.5057955408077954
C=CCOc1ccc(CC(=O)O)cc1Cl,0.5055000000000001
CC(C)COCC(CN(Cc1ccccc1)c1ccccc1)N1CCCC1,0.5047086768155314
CCN(CC)CCOC(=O)C(c1ccccc1)C1CCCCC1,0.5045669831540449
CC(C)(C)C(O)/C=C/c1ccc2c(c1)OCO2,0.5041677685439999
O=C(O)CNC(=O)c1ccccc1,0.5035
Cc1ccc(S(=O)(=O)NC(=O)NN2CC3CCCC3C2)cc1,0.5031836156046509
CC(=O)Nc1ccc(OCC(O)CNC(C)C)cc1,0.5031666666666667
CN(C)CCc1c[nH]c2ccc(C[C@H]3COC(=O)N3)cc12,0.5030220845638327
Cc1ccccc1N1C(=O)c2cc(S(N)(=O)=O)c(Cl)cc2NC1C,0.502243869303043
CCCN(CCC)CCc1cccc2c1CC(=O)N2,0.5013608638709454
Cn1c(=O)cc(N2CCC[C@@H](N)C2)n(Cc2ccccc2C#N)c1=O,0.5006212629529517
Oc1c(Cl)cc(Cl)c2cccnc12,0.4993333333333334
COc1ccccc1OCC(O)COC(N)=O,0.4993333333333334
CCOC(=O)C1=C(C)NC(C)=C(C(=O)OC)C1c1cccc(Cl)c1Cl,0.4992539756468296
CCN(CC)CCNC(C(=O)OCCC(C)C)c1ccccc1,0.4983644742329323
CC(C)Cc1ccc(CC(=O)O)cc1,0.4981666666666666
CCN[C@@H](C)Cc1cccc(C(F)(F)F)c1,0.4978333333333333
Oc1c(I)cc(Cl)c2cccnc12,0.4975
CCCCOc1ccc(OCCCN2CCOCC2)cc1,0.4968333333333333
Cn1c(=O)c2c(ncn2CCO)n(C)c1=O,0.496
CCN(CC)CCNC(=O)c1cc(S(C)(=O)=O)ccc1OC,0.4951666666666667
COc1ccccc1N1CCN(CCCCNC(=O)c2ccc3ccccc3c2)CC1,0.4948437355441833
CCN1CCC[C@H]1CNC(=O)c1c(O)c(Cl)cc(Cl)c1OC,0.4947968923217177
CN(C)CCN(Cc1ccccc1)c1ccccn1,0.4944999999999999
COc1cc2nc(N3CCN(C(=O)C4COc5ccccc5O4)CC3)nc(N)c2cc1OC,0.4933686822082674
COc1c(N2CCNC(C)C2)c(F)cc2c(=O)c(C(=O)O)cn(C3CC3)c12,0.4930302470339095
CC(C)(C)c1ccc(C(O)CCCN2CCC(C(O)(c3ccccc3)c3ccccc3)CC2)cc1,0.4918683542813583
Nc1nc2c(ncn2CCC(CO)CO)c(=O)[nH]1,0.4918640668886535
CN1CCN(C(=O)O[C@H]2c3nccnc3C(=O)N2c2ccc(Cl)cn2)CC1,0.4899827816007549
CCc1nc(N)nc(N)c1-c1ccc(Cl)cc1,0.4893333333333333
Cc1cc2c(cc1S(N)(=O)=O)S(=O)(=O)CCC2,0.4883836666817054
CN1CCN(C(=O)OC2c3nccnc3C(=O)N2c2ccc(Cl)cn2)CC1,0.4883527656938994
COc1cc(C)c(/C=C/C(C)=C/C=C/C(C)=C/C(=O)O)c(C)c1C,0.4875332545593064
CCC1(c2ccccc2)NC(=O)N(C)C1=O,0.4864083565949736
Cc1cccc(C)c1NC1=NCCCS1,0.4855
CCCC(=O)OCOC(=O)C1=C(C)NC(C)=C(C(=O)OC)C1c1cccc(Cl)c1Cl,0.4854997909539899
CCN1C(=O)NC(c2ccccc2)C1=O,0.4853725690498743
CC1=NN(c2ccccc2)C(=O)C1,0.4853333333333333
CC(C)C[C@H](NC(=O)[C@@H](O)[C@H](N)Cc1ccccc1)C(=O)O,0.4850123085093749
CN(C)CCC(c1ccccc1)c1ccccn1,0.4848319956528076
Clc1ccc2c(c1)CCc1cccnc1C2=C1CCNCC1,0.4829224490153895
CC(=O)OC(C)OC(=O)C(C)c1ccc(-c2ccccc2)c(F)c1,0.4824629849172294
COc1ccc(CNc2nc(N3CCC[C@H]3CO)ncc2C(=O)NCc2ncccn2)cc1Cl,0.481067814631655
Nc1nc2c(ncn2COC(CO)CO)c(=O)[nH]1,0.4809371162779065
Cc1cc(C(C)(C)C)cc(C)c1CC1=NCCN1,0.4806932237688317
Oc1c(Br)cc(Br)c2cccnc12,0.4806666666666667
COC(=O)[C@H](c1ccccc1Cl)N1CCc2sccc2C1,0.4789988779391294
Cn1c(=O)c2[nH]c(Cl)nc2n(C)c1=O,0.47889483019412
CC(C)=CC1C(C(=O)OCc2cccc(Oc3ccccc3)c2)C1(C)C,0.4784776223023766
C[C@H]1CCC[C@@H](C)N1NC(=O)c1ccc(Cl)c(S(N)(=O)=O)c1,0.4782298944420446
CC(C)Cc1ccc(C(C)C(=O)OCc2ccccn2)cc1,0.4776666666666666
CCOC(=O)c1cncn1C(C)c1ccccc1,0.4774554926696863
Cc1nccn1CC1CCc2c(c3ccccc3n2C)C1=O,0.4772312203519305
CCN(CC)CCNC(=O)c1cc(Br)c(N)cc1OC,0.477
NC(=O)OCCCc1ccccc1,0.4758333333333334
COc1c2occc2c(OC)c2c(=O)cc(C)oc12,0.4758043145775989
CN(C)CCOC(c1ccc(Cl)cc1)c1ccccn1,0.4755412245342613
COC(=O)Nc1nc2ccc(S(=O)c3ccccc3)cc2[nH]1,0.4744415609153388
O=[N+]([O-])c1ccc(O)c2ncccc12,0.4741666666666666
CN(C)CCC(c1ccc(Cl)cc1)c1ccccn1,0.473588307487967
O=C(CCCCCCC(=O)Nc1ccccc1)NO,0.4732768234798168
O=C(O)CCNC(=O)c1ccccc1,0.4726666666666667
Cn1c(=O)c2[nH]cnc2n(C)c1=O,0.4723170088455438
CCN(CC)CCNC(=O)c1cc(Cl)c(N)cc1OC,0.4716666666666667
CN1CCC(=C2c3ccccc3C=Cc3ccccc32)CC1,0.4709999999999999
C=CCc1ccccc1OCC(O)CNC(C)C,0.4702799209753507
CC(=O)c1cc2cccc(OCC(O)CNC(C)C)c2o1,0.4702653010394474
Clc1ccc(C(c2ccccc2Cl)C(Cl)Cl)cc1,0.4698071042361038
CCOC(=O)[C@H](CCc1ccccc1)N[C@@H](C)C(=O)N1Cc2ccccc2C[C@H]1C(=O)O,0.4697602446112934
CCC(COC(=O)c1cc(OC)c(OC)c(OC)c1)(c1ccccc1)N(C)C,0.469669967499754
Cn1c(=O)c2c(ncn2C)n(C)c1=O,0.4696666666666666
Cn1cnc2c1c(=O)[nH]c(=O)n2C,0.4688333333333332
Cc1ccccc1C(OCCN(C)C)c1ccccc1,0.4684999999999999
Oc1cc(O)c2c(c1)O[C@H](c1ccc(O)c(O)c1)[C@@H](O)C2,0.4683344715226862
N#CC(c1ccc(Cl)cc1)c1c(Cl)cc(-n2ncc(=O)[nH]c2=O)cc1Cl,0.4680607015589104
CN1Cc2c(N)cccc2C(c2ccccc2)C1,0.4680181320098499
CCOc1ccccc1O[C@H](c1ccccc1)[C@H]1CNCCO1,0.4679331895017655
CCN(CC)C(=O)Nc1ccc(OCC(O)CNC(C)(C)C)c(C(C)=O)c1,0.4669288510335386
CN(C(=O)CN(CCO)CC(=O)N(C)C(C)(C)Cc1ccccc1)C(C)(C)Cc1ccccc1,0.4667902145720939
CCc1oc2ccccc2c1C(=O)c1cc(I)c(O)c(I)c1,0.4662915980426736
CCCCCCOc1ccccc1C(N)=O,0.4655
CN(C)c1ccc2nc3ccc(=[N+](C)C)cc-3sc2c1,0.4652332743594355
CC(=O)SCC(Cc1ccccc1)C(=O)NCC(=O)OCc1ccccc1,0.4641744607610974
CC(=O)Oc1c(C)cccc1C(=O)O,0.4639999999999999
Cc1cc(=O)n(-c2ccccc2)n1C,0.4639999999999999
CC(CN1c2ccccc2Sc2ccccc21)N(C)C,0.4636638659822429
CCN(CC)CCOC(=O)c1ccc(N)cc1,0.4633333333333334
NCC(CC(=O)O)c1ccc(Cl)cc1,0.4629999999999999
CC(C)(C)NCC(O)COc1cccc2c1CCC(=O)N2,0.4626103089621933
CC(C)N=c1cc2n(-c3ccc(Cl)cc3)c3ccccc3nc-2cc1Nc1ccc(Cl)cc1,0.4622233504510532
CC(C)(C)c1ccc(C(=O)CCCN2CCC(OC(c3ccccc3)c3ccccc3)CC2)cc1,0.4613988428391092
NS(=O)(=O)c1cc2c(cc1Cl)NC(Cc1ccccc1)NS2(=O)=O,0.4611274626852823
CC1=C(C)C(=O)C(C(CCCCCC(=O)O)c2ccccc2)=C(C)C1=O,0.4608776375778253
CC(C)(C)NCC(O)c1ccc(O)c(CO)c1,0.4607195867131767
CC(=O)N[C@@H](CCC(N)=O)C(=O)O,0.4596666666666666
CN1CCc2cccc3c2[C@H]1Cc1ccc(O)c(O)c1-3,0.4588168530616021
O=c1[nH]c2cc(Cl)ccc2o1,0.4581666666666666
COc1cc(C(=O)NS(=O)(=O)c2ccccc2C)ccc1Cc1cn(C)c2ccc(NC(=O)OC3CCCC3)cc12,0.4580380940992426
CCN(CC)C(=O)c1ccc(O)c(OC)c1,0.458
CC(c1cc2ccccc2s1)N(O)C(N)=O,0.4579881231993264
CC(C)NCC(O)COc1ccc(CCOCC2CC2)cc1,0.4578875211022749
CN(C)CCCN1c2ccccc2[S@@](=O)c2ccc(Cl)cc21,0.456515850657883
O=C(NCCO[N+](=O)[O-])c1cccnc1,0.4561714206576491
CNCC(O)c1ccc(OC(=O)C(C)(C)C)c(OC(=O)C(C)(C)C)c1,0.4555062147404465
O=C(O)c1cc(=O)[nH]c(=O)[nH]1,0.4554174948680207
CNCCC=C1c2ccccc2CCc2ccccc21,0.4553333333333333
CCC(=O)c1c(O)cc(O)cc1O,0.455
NC(=O)N/N=C/c1ccc([N+](=O)[O-])o1,0.4548147859319296
NC(=O)N1c2ccccc2CC(=O)c2ccccc21,0.4543333333333333
CC1=NS(=O)(=O)c2cc(Cl)ccc2N1,0.4542621859330363
CN1C[C@@H]2c3ccccc3Oc3ccc(Cl)cc3[C@H]2C1,0.4539279674514831
CCN1CCCC1CNC(=O)c1cc(S(=O)(=O)CC)c(N)cc1OC,0.4530837523764117
CCN(CC)CCNC(=O)COc1ccc(OC)cc1,0.453
CC(=O)Oc1cc(C(C)C)c(OCCN(C)C)cc1C,0.4523333333333334
Cc1ccsc1C(=CCCN1CCC[C@@H](C(=O)O)C1)c1sccc1C,0.4513561773745759
CN1CCCC(CC2c3ccccc3Sc3ccccc32)C1,0.450852868843765
CCN(C)C(=O)Oc1cccc([C@H](C)N(C)C)c1,0.4499453359588019
O=C1[C@H](CC[C@H](O)c2ccc(F)cc2)[C@@H](c2ccc(O)cc2)N1c1ccc(F)cc1,0.4487027387774149
CN(C)CCOC(=O)COc1ccc(Cl)cc1,0.4466666666666666
C[N+]1(C)CCCC(OC(=O)C(O)(c2ccccc2)c2ccccc2)C1,0.4462128309091266
CCN(CC)CCOC(=O)C1(c2ccc([N+](=O)[O-])cc2)CCCC1,0.4462066079511119
C[C@H](N[C@@H](CCc1ccccc1)C(=O)O)C(=O)N1CCC[C@H]1C(=O)O,0.4460660351184477
O=C1CN2Cc3c(ccc(Cl)c3Cl)N=C2N1,0.4457711583166399
Nc1nc2c(ncn2COCCO)c(=O)[nH]1,0.4444073618354784
C=CCOc1ccccc1OCC(O)CNC(C)C,0.443613962287795
COc1ccc(C(CN(C)C)C2(O)CCCCC2)cc1,0.4429864157110295
CCN(CC)C(C)CN1c2ccccc2Sc2ccccc21,0.4429399211156616
N=c1nc(N2CCCCC2)cc(N)n1O,0.4426952208633676
Nc1nc(CC(=O)Nc2ccc(CCNC[C@H](O)c3ccccc3)cc2)cs1,0.4413474789507579
CCN1CCC[C@H]1CNC(=O)c1c(OC)ccc(Br)c1OC,0.4396820737211205
CN(C)CCC=C1c2ccccc2CCc2ccccc21,0.4396666666666666
CCCOc1ccc(C(=O)OCCN(CC)CC)cc1N,0.4394999999999999
COc1cc(N)c(Cl)cc1C(=O)NC1CCN(CCCOc2ccc(F)cc2)CC1OC,0.4388313650275528
Cn1c(=O)c2c(ncn2CC(O)CO)n(C)c1=O,0.4384828553221716
Cn1nnc2c(C(N)=O)ncn2c1=O,0.4383111448482552
CC(=O)Oc1cc2c(s1)CCN(C(C(=O)C1CC1)c1ccccc1F)C2,0.4382067626809123
C[C@@H](NCCCc1cccc(C(F)(F)F)c1)c1cccc2ccccc12,0.4379733210232195
CC(COc1ccccc1)NC(C)C(O)c1ccc(O)cc1,0.4377633475840241
CC(=O)Nc1nnc(S(N)(=O)=O)s1,0.4373333333333333
Nc1nc2cc(Cl)ccc2o1,0.4371666666666667
CCN(CC)CCc1nc(-c2ccccc2)no1,0.4369870577082032
CCn1cc(C(=O)O)c(=O)c2cc(F)c(N3CCNC(C)C3)c(F)c21,0.436651826510559
CC(C)(C)NCC(O)c1ccccc1Cl,0.436571400532957
CCCCOC(=O)c1ccc(O)cc1,0.4353333333333333
CC(=O)Nc1ccc(C(=O)O)cc1,0.4335
CCOC(=O)OC(C)OC1=C(C(=O)Nc2ccccn2)N(C)S(=O)(=O)c2ccccc21,0.4327033661759379
CN[C@@H]1C[C@@H](c2ccc(Cl)c(Cl)c2)c2ccccc21,0.4319594642864982
COc1ccccc1Oc1c(NS(=O)(=O)c2ccc(C(C)(C)C)cc2)nc(-c2ncccn2)nc1OCCO,0.4318067931644187
COc1cc2nc(N(C)CCCNC(=O)C3CCCO3)nc(N)c2cc1OC,0.4314911486083297
CC1=C(/C=C/C(C)=C/C=C/C(C)=C\C(=O)O)C(C)(C)CCC1,0.4311945420524429
CN1CCCC(n2nc(Cc3ccc(Cl)cc3)c3ccccc3c2=O)CC1,0.4311224750279662
COc1cc(N)c(Cl)cc1C(=O)NC1CCN(Cc2ccccc2)CC1,0.4307365229661454
CCCNC(C)(C)COC(=O)c1ccccc1,0.4306666666666666
CNCCCC1c2ccccc2C=Cc2ccccc21,0.4296666666666667
Clc1ccc(C(Cn2ccnc2)OCc2ccsc2Cl)c(Cl)c1,0.4274417989273064
C#CCN(C)CCCOc1ccc(Cl)cc1Cl,0.4265
CN(C)CCN(Cc1cccs1)c1ccccn1,0.4265
Clc1ccc(COC(Cn2ccnc2)c2ccc(Cl)cc2Cl)cc1,0.4263170248995138
Nc1ccccc1S(N)(=O)=O,0.426
CN(C)CCCN1c2ccccc2CCc2ccc(Cl)cc21,0.4251666666666667
COc1ccc(-c2ccc3cc(C(=O)O)ccc3c2)cc1C12CC3CC(CC(C3)C1)C2,0.4248175260099951
COC(=O)C1=C(C#N)NC(C)=C(C(=O)OC(C)C)C1c1cccc([N+](=O)[O-])c1,0.4247765420416429
CCC1(c2ccccc2)C(=O)NCNC1=O,0.4241872264208216
C[N+](C)(CCOc1ccccc1)Cc1ccccc1,0.423981119375965
CCOC(=O)[C@H](CCc1ccccc1)N[C@@H](C)C(=O)N(CC(=O)O)C1Cc2ccccc2C1,0.4222841365361819
CCc1cccc2c3c([nH]c12)C(CC)(CC(=O)O)OCC3,0.4218667457231833
CCCOc1cc(N)ccc1C(=O)OCCN(CC)CC,0.4208333333333334
CN(C)CCOC(C)(c1ccccc1)c1ccccn1,0.4205149774583951
CC(C)(C)C(=O)C(Oc1ccc(Cl)cc1)n1ccnc1,0.420237087021631
O=C(Nc1cccc2c(=O)cc(-c3nn[nH]n3)oc12)c1ccc(OCCCCc2ccccc2)cc1,0.4191555670049561
CN(C)C(=O)Oc1cc(OC(=O)N(C)C)cc(C(O)CNC(C)(C)C)c1,0.4191428273851416
CN(C)CCOC1=Cc2ccccc2Sc2ccc(Cl)cc21,0.4188118440381075
COC(=O)C1=C(C)NC(C)=C(C(=O)OCC(C)C)C1c1ccccc1[N+](=O)[O-],0.4182817007967804
CC(C)c1cccc(C(C)C)c1O,0.4176666666666667
CN1CCN(CCCN2c3ccccc3Sc3ccc(Cl)cc32)CC1,0.4176374133801867
CC(C)(C)NCC(O)c1cc(Cl)c(N)c(Cl)c1,0.4172385385719324
Nc1ccc(C(=O)O)c(O)c1,0.4166666666666667
CN(C)CCOC(=O)C(c1ccccc1)C1(O)CCCC1,0.4166238051469322
COc1ccc2[nH]c(S(=O)Cc3ncc(C)c(OC)c3C)nc2n1,0.4165968427620714
COc1ccccc1OCC(O)CO,0.4164999999999999
CC(C)(C)NC[C@H](O)c1ccc(O)c(CO)c1,0.4158773623746967
CCOc1ccc(NC(C)=O)cc1,0.4151666666666666
CN(C)CCC(c1ccc(Br)cc1)c1ccccn1,0.4139310708688288
COc1ccccc1OCCNCC(O)COc1cccc2[nH]c3ccccc3c12,0.4136869427140878
N[C@H](Cc1ccccc1)C(=O)O,0.4118333333333333
COC(=O)C1=C(C)NC(C)=C(C(=O)OC(C)C)C1c1cccc2nonc12,0.410240825853729
CN(C)c1nc(N(C)C)nc(N(C)C)n1,0.4101666666666667
CCN(CC)c1cc(C)nc2ncnn12,0.4099067254188932
CC(C)(Oc1ccc(C2CC2(Cl)Cl)cc1)C(=O)O,0.4091044419012135
CC(NC(C)(C)C)C(=O)c1cccc(Cl)c1,0.4082553755656615
O=C(Cn1ccnc1[N+](=O)[O-])NCCO,0.4080937144187915
CCOC(=O)C1=C(COCCN)NC(C)=C(C(=O)OC)C1c1ccccc1Cl,0.4077816792672896
CN1C[C@H](CNC(=O)OCc2ccccc2)C[C@@H]2c3cccc4c3c(cn4C)C[C@H]21,0.4070161484629717
O=C1OCCN1/N=C/c1ccc([N+](=O)[O-])o1,0.4069077817644347
CN1CCCN(C(c2ccccc2)c2ccc(Cl)cc2)CC1,0.4063333333333332
CCN(CC)CC(=O)Nc1c(C)cccc1C,0.4059999999999999
CC(C)(Oc1ccc(Cl)cc1)C(=O)O,0.4048333333333334
Cc1c(C)c2c(c(C)c1O)CCC(C)(COc1ccc(CC3SC(=O)NC3=O)cc1)O2,0.4046987894279533
CN(C)CCC[C@@]1(c2ccc(F)cc2)OCc2cc(C#N)ccc21,0.4043245536063127
CCS(=O)(=O)CCn1c([N+](=O)[O-])cnc1C,0.4026586259501177
CC1=C(/C=C/C(C)=C/C=C/C(C)=C/C(=O)O)C(C)(C)CCC1,0.4023788037349286
O=C1NCCN1c1ncc([N+](=O)[O-])s1,0.4013594963717932
NS(=O)(=O)c1cc2c(cc1C(F)(F)F)NC(Cc1ccccc1)NS2(=O)=O,0.4008699642717592
CCCc1nc2c(C)cc(-c3nc4ccccc4n3C)cc2n1Cc1ccc(-c2ccccc2C(=O)O)cc1,0.3996612217750297
CC1=C(C(=O)O)N2C(=O)[C@@H](NC(=O)[C@H](N)c3ccccc3)[C@H]2SC1,0.3994435598716698
CCC(=O)c1ccc(O)cc1,0.3988333333333333
CCOC(=O)[C@@](C)(N)Cc1ccc(O)c(O)c1,0.398503323088494
Cc1cc(C(C)(C)C)c(O)c(C)c1CC1=NCCN1,0.3975021406814062
N[C@@H](Cc1cc(I)c(Oc2ccc(O)c(I)c2)c(I)c1)C(=O)O,0.3969087335356724
CC(NN)c1ccccc1,0.3966137126451681
CN1CCC[C@@H]1CCO[C@](C)(c1ccccc1)c1ccc(Cl)cc1,0.3957630862871564
CCOC(=O)[C@H](CCc1ccccc1)N[C@H]1CCc2ccccc2N(CC(=O)O)C1=O,0.3956989281636634
Nc1nc(N)nc(NC2CC2)n1,0.3956666666666666
CC(=O)Oc1ccccc1C(=O)O,0.3951666666666667
CC(=O)Nc1ccc(O)cc1,0.3943333333333332
CNCC(O)c1ccc(O)cc1,0.3939999999999999
CC(C)N(CCC(C(N)=O)(c1ccccc1)c1ccccn1)C(C)C,0.3935126088471617
CC#CCn1c(N2CCC[C@@H](N)C2)nc2c1c(=O)n(Cc1nc(C)c3ccccc3n1)c(=O)n2C,0.3932122307627569
CN(C)CCOc1ccc(/C(=C(/CCCl)c2ccccc2)c2ccccc2)cc1,0.3920773995137984
NC(=O)N1c2ccccc2C=Cc2ccccc21,0.3916666666666666
CCNCC(O)c1cccc(O)c1,0.3916102925674225
Cc1ccccc1OCC(O)CO,0.3915
CCOc1ccccc1C(N)=O,0.3915
Cc1cc(C(C)(C)CC(C)(C)C)ccc1OCCOCC[N+](C)(C)Cc1ccccc1,0.3902563784102875
Nc1ccc(S(N)(=O)=O)cc1,0.3893333333333333
Cc1cccc(C)c1NC(=O)C(C)N,0.3888333333333333
CCCCOC(=O)c1ccc(N)cc1,0.3887574903882328
C[C@@H]1CN(C2CCC(C#N)(c3ccc(F)cc3)CC2)CC[C@]1(C(=O)O)c1ccccc1,0.3884047929084596
N[C@@H](C(=O)N[C@@H]1C(=O)N2C(C(=O)O)=C(Cl)CC[C@H]12)c1ccccc1,0.3882722358865434
Cc1nc2ccc(CN(C)c3ccc(C(=O)N[C@@H](CCC(=O)O)C(=O)O)s3)cc2c(=O)[nH]1,0.3882580255663677
CNCCC=C1c2ccccc2C=Cc2ccccc21,0.3878333333333333
O=c1[nH]c(=O)n(C2CCCO2)cc1F,0.3865772484179223
CC1CC(OC(=O)C(O)c2ccccc2)CC(C)(C)C1,0.3863835160122372
CC(=O)Nc1cccc(O)c1,0.3856666666666666
Cn1c([N+](=O)[O-])cnc1COC(N)=O,0.3847467623095456
CCCCOc1cc(C(=O)OCCN(CC)CC)ccc1N,0.3841271844583114
N[C@@H](C(=O)N[C@@H]1C(=O)N2C(C(=O)O)=C(Cl)CC[C@H]12)c1ccccc1,0.3838280016214981
C#CCN[C@@H]1CCc2ccccc21,0.3831158661711027
CN(C)CCCN1c2ccccc2CCc2ccccc21,0.3828333333333333
CC(C)[N+](C)(CCC(C(N)=O)(c1ccccc1)c1ccccc1)C(C)C,0.382701906166357
CCc1c(C)[nH]c2c1C(=O)C(CN1CCOCC1)CC2,0.3820813665368337
CCOC(=O)C1=C(C)NC(C)=C(C(=O)OCC)C1c1ccccc1/C=C/C(=O)OC(C)(C)C,0.3820075744140055
O=C(CCCl)NCc1ccccc1,0.3818333333333334
CC(C(=O)O)c1ccc2c(c1)CC(=O)c1ccccc1S2,0.3816939696909593
C=CCOC(Cn1ccnc1)c1ccc(Cl)cc1Cl,0.3814222346696568
C/C=C/C(=O)N(CC)c1ccccc1C,0.3811666666666666
CC(C)(C)NCC(O)c1ccccc1Cl,0.380896914687703
CNCC(O)c1ccc(O)c(O)c1,0.3806998525076371
NS(=O)(=O)c1cc2c(cc1Cl)NCNS2(=O)=O,0.3806852496815002
O=c1oc2cc(O)ccc2s1,0.3806226407691588
COC1=C(OC)C(=O)C(CCCCCCCCCCO)=C(C)C1=O,0.3798538083045586
COc1cccc([C@@]2(O)CCCC[C@@H]2CN(C)C)c1,0.3783717568653878
C[C@]12CC[C@@H]3c4ccc(O)cc4CC[C@H]3[C@@H]1CCC2=O,0.3781994144251078
CN(C)C(=O)Oc1cccc([N+](C)(C)C)c1,0.3781392668066956
C=CCN1CCCC1CNC(=O)c1cc2[nH]nnc2cc1OC,0.3773653357700202
COc1cc2c(c(OC)c1OC)-c1ccc(OC)c(=O)cc1[C@@H](NC(C)=O)CC2,0.3769567990585902
Nc1cc(C(Cl)=C(Cl)Cl)c(S(N)(=O)=O)cc1S(N)(=O)=O,0.3764221987757583
CCCc1ncc(C[n+]2ccccc2C)c(N)n1,0.376095856546096
NS(=O)(=O)c1cc2c(cc1C(F)(F)F)NCNS2(=O)=O,0.3758476388064982
Cc1cccc(C)c1OCC(C)N,0.375731289128137
O=C1CN(/N=C/c2ccc([N+](=O)[O-])o2)C(=O)N1,0.374582949397086
C[C@@H]1CCO[C@H]2Cn3cc(C(=O)NCc4ccc(F)cc4F)c(=O)c(O)c3C(=O)N21,0.3743917641353201
CNCCCN1c2ccccc2CCc2ccccc21,0.3738333333333334
Clc1ccc(CSC(Cn2ccnc2)c2ccc(Cl)cc2Cl)cc1,0.3737174683942504
CC[N+]1(C)CCCC(OC(=O)C(O)(c2ccccc2)c2ccccc2)C1,0.3733035118620885
CCN(CCO)CCCC(C)Nc1ccnc2cc(Cl)ccc12,0.3730337452885047
CN1CCC(=C2c3ccccc3CC(=O)c3sccc32)CC1,0.3729355550318385
NCC1CCC(C(=O)O)CC1,0.3718333333333333
CCCNC(C)C(=O)Nc1c(C)csc1C(=O)OC,0.3714392960334613
COc1cc(Nc2c(C#N)cnc3cc(OCCCN4CCN(C)CC4)c(OC)cc23)c(Cl)cc1Cl,0.3706275057913212
C[C@@H](CN1CC(=O)NC(=O)C1)N1CC(=O)NC(=O)C1,0.3701795330732709
NC(N)=NS(=O)(=O)c1ccc(N)cc1,0.3699761796139678
NS(=O)(=O)c1cc2c(cc1Cl)NC=NS2(=O)=O,0.3693929480042524
CCN(CC)CC#CCOC(=O)C(O)(c1ccccc1)C1CCCCC1,0.3689487669711052
CCN(CC)CCCC(C)Nc1c2ccc(Cl)cc2nc2ccc(OC)cc12,0.3684443231977495
CCCCN(CCCC)CCCOC(=O)c1ccc(N)cc1,0.3683166424551627
Cn1cnc([N+](=O)[O-])c1Sc1ncnc2nc[nH]c12,0.3680027198718335
CCN(CC)C(C)C(=O)c1ccccc1,0.3675
NC(=O)[C@@H]1CCCN1C(=O)[C@H](Cc1cnc[nH]1)NC(=O)[C@@H]1CCC(=O)N1,0.3674722706344381
CCN(CC)C(=O)N[C@H]1C=C2c3cccc4[nH]cc(c34)C[C@H]2N(C)C1,0.3651803033433382
CN(C)CCC=C1c2ccccc2C=Cc2ccccc21,0.3651666666666666
Clc1ccc(CO/N=C(\Cn2ccnc2)c2ccc(Cl)cc2Cl)c(Cl)c1,0.365087810356182
CCCC(=O)N1CCCN(c2nc(N)c3cc(OC)c(OC)cc3n2)CC1,0.365
CC(=O)N[C@@H](CC(C)C)C(=O)O,0.3646666666666666
CC(COc1ccccc1)NN,0.3641758403797698
CCN(CC)C(=O)c1cccnc1,0.3641666666666666
CN1CCN(C2Cc3ccccc3Sc3ccc(Cl)cc32)CC1,0.362378723277609
CC(C)(C)NCC(O)CSc1nc(-c2ccc(C(N)=O)s2)cs1,0.3619518250809323
CS(=O)(=O)c1ccc([C@@H](O)[C@@H](CO)NC(=O)C(Cl)Cl)cc1,0.3610857463627745
C=CCC1(CC(C)C)C(=O)NC(=O)NC1=O,0.3604138874032223
Nc1ccc2cc3ccc(N)cc3nc2c1,0.3602929317349777
Cc1ccc(S(=O)(=O)NC(=O)NN2CCCCCC2)cc1,0.3593333333333333
Nc1ccc(O)c(C(=O)O)c1,0.3578988504732491
O=P(O)(O)C(O)(Cc1cccnc1)P(=O)(O)O,0.3569755966955171
CCCc1cc(C(N)=S)ccn1,0.3566666666666666
Cc1c(C)c2c(c(C)c1O)CCC(C)(C(=O)O)O2,0.3565172293220243
CC(=O)N[C@@H](CC(=O)O)C(=O)N[C@@H](CCC(=O)O)C(=O)O,0.3560877065620033
C[C@H](Cc1cc2c(c(C(N)=O)c1)N(CCCO)CC2)NCCOc1ccccc1OCC(F)(F)F,0.3558082781880005
CCCc1cc(=O)[nH]c(=S)[nH]1,0.3545916570302734
Cc1ncc(CO)c(CO)c1O,0.3543303292779906
CN1C(=O)CCS(=O)(=O)C1c1ccc(Cl)cc1,0.3541310209089346
Oc1ccc(C2CNCCc3c2cc(O)c(O)c3Cl)cc1,0.3518846398475587
NS(=O)(=O)c1cc2c(cc1Cl)NC(CC1CCCC1)NS2(=O)=O,0.3505335808921039
COc1c(N2C[C@@H]3CCCN[C@@H]3C2)c(F)cc2c(=O)c(C(=O)O)cn(C3CC3)c12,0.3495926189198621
CC1=C(C(=O)O)N2C(=O)[C@@H](NC(=O)[C@H](N)c3ccc(O)cc3)[C@H]2SC1,0.3493379287616468
CCOC(=O)/C=C(C)/C=C/C=C(C)/C=C/c1c(C)cc(OC)c(C)c1C,0.349224788764372
O=C(N[C@H](CO)[C@H](O)c1ccc([N+](=O)[O-])cc1)C(Cl)Cl,0.3484937265697556
CCCCC(O)c1ccccc1,0.3478333333333332
CC[N+](CC)(CC)CCC(O)(c1ccccc1)C1CCCCC1,0.3476688804516644
CCC(C)(CN(C)C)OC(=O)c1ccccc1,0.3463504160089594
CCOC(=O)[C@H](CCc1ccccc1)N[C@@H](C)C(=O)N1[C@H](C(=O)O)C[C@H]2CCCC[C@@H]21,0.3460171189477542
N[C@@H](C(=O)N[C@@H]1C(=O)N2C(C(=O)O)=C(Cl)CS[C@H]12)c1ccccc1,0.3459781310946707
C1CCC(C(CC2CCCCN2)C2CCCCC2)CC1,0.3450445577942193
CCOC(=O)c1ccc(N)cc1,0.3445
CCC(C)(C)c1ccc(CC(C)CN2C[C@H](C)O[C@H](C)C2)cc1,0.3441869108444859
COc1nc(C)nc(Cl)c1NC1=NCCN1,0.3434058025124029
CCc1cc(C(N)=S)ccn1,0.3433333333333332
NCC1(CC(=O)O)CCCCC1,0.3429999999999999
C/C=C/c1ccc(OC)cc1,0.3428333333333334
CCN(CC)CCOC(=O)C(Cc1cccc2ccccc12)CC1CCCO1,0.3423781734069987
NCCCC[C@H](N[C@@H](CCc1ccccc1)C(=O)O)C(=O)N1CCC[C@H]1C(=O)O,0.3417432723114402
CS(=O)(=O)OCCCCOS(C)(=O)=O,0.3408911805896363
CC[C@@]1(O)C(=O)OCc2c1cc1n(c2=O)Cc2cc3c(CN(C)C)c(O)ccc3nc2-1,0.3403448878877579
CN1CCOC(c2ccccc2)c2ccccc2C1,0.3401127775058682
CC(C)(Sc1cc(C(C)(C)C)c(O)c(C(C)(C)C)c1)Sc1cc(C(C)(C)C)c(O)c(C(C)(C)C)c1,0.3396316023761306
CC(=O)N1CCN(c2ccc(OC[C@H]3CO[C@](Cn4ccnc4)(c4ccc(Cl)cc4Cl)O3)cc2)CC1,0.3393311112512258
Cc1c(O)c(=O)ccn1C,0.3373581503601898
CCOC(=O)[C@H](CCc1ccccc1)N[C@@H](C)C(=O)N1C(=O)N(C)C[C@H]1C(=O)O,0.3367039602258225
CC(=O)Nc1ccccc1,0.3341666666666666
COc1ccc(OC)c(C(O)C(C)N)c1,0.3335376760868184
NC(=O)c1cnccn1,0.333
CCN(CCCc1ccccc1)CCCc1ccccc1,0.3325956572798087
C[C@@H](N)[C@@H](O)c1ccccc1,0.3324376985860904
CCC1(C)CC(=O)NC(=O)C1,0.3309308765581422
COC(=O)C1=C(C)NC(C)=C(C(=O)O[C@H]2CCN(Cc3ccccc3)C2)[C@H]1c1cccc([N+](=O)[O-])c1,0.3302907699508952
NC(=O)c1cccnc1,0.3291666666666666
Cc1ncc([N+](=O)[O-])n1CCO,0.3281260140096915
Clc1cc(Cl)c(OCC#CI)cc1Cl,0.3274647487726518
C[C@]12CC[C@@H]3c4ccc(O)cc4CC[C@H]3[C@@H]1CC[C@@H]2O,0.3274451651204249
CC(C)(C)NCC(O)COc1cccc2c1C[C@H](O)[C@H](O)C2,0.3273186752490828
C[C@H](N)[C@H](O)c1ccc(O)c(O)c1,0.3268367778255786
O=c1[nH]cnc2[nH]ncc12,0.3260008684514601
O=c1[nH]cnc2[nH]ncc12,0.3252143766095989
CNCCCC12CCC(c3ccccc31)c1ccccc12,0.3252034716053918
COC(=O)C1=C(C)NC(C)=C(C(=O)O[C@@H]2CCCN(Cc3ccccc3)C2)[C@@H]1c1cccc([N+](=O)[O-])c1,0.3236313640333913
O=c1[nH]cc(F)c(=O)[nH]1,0.3235107235584252
CC(C)=CCOc1ccc(/C=C/C(=O)c2ccc(OCC=C(C)C)cc2OCC(=O)O)cc1,0.3231397943938843
COC(=O)C1=C(C)NC(C)=C(C(=O)OCCN(C)Cc2ccccc2)C1c1cccc([N+](=O)[O-])c1,0.3230797850969286
O=C(O)CSCC(=O)NC1CCSC1=O,0.3228543429752342
Cn1cc(S(C)=O)c(=O)c2ccc(F)cc21,0.3215098377908861
CC(C)[C@H](N)C(=O)OCCOCn1cnc2c(=O)[nH]c(N)nc21,0.3206030695785324
COc1ccc(CCN(C)CCCC(C#N)(c2ccc(OC)c(OC)c2)C(C)C)cc1OC,0.319873414697002
NC(=O)CN1CCCC1=O,0.3196666666666667
O=C(O)c1cccnc1,0.3194999999999999
CCC1NC(=O)c2cc(S(N)(=O)=O)c(Cl)cc2N1,0.319411467065437
CC(C)NNC(=O)c1ccncc1,0.3187360319064284
OCc1cc(C(O)CNCCCCCCOCCCCc2ccccc2)ccc1O,0.3184449011037779
CS(=O)(=O)c1ccc([C@@H](O)[C@@H](CF)NC(=O)C(Cl)Cl)cc1,0.3179240596119573
CN1CCCCC1CCN1c2ccccc2Sc2ccc(S(C)=O)cc21,0.3179126278865226
C[C@H]1CN(c2c(F)c(N)c3c(=O)c(C(=O)O)cn(C4CC4)c3c2F)C[C@@H](C)N1,0.3165972334429043
CCCCc1ncc(/C=C(\Cc2cccs2)C(=O)O)n1Cc1ccc(C(=O)O)cc1,0.3145974126373337
CCOC(=O)[C@H](CCc1ccccc1)N[C@@H](C)C(=O)N1[C@H](C(=O)O)C[C@@H]2CCC[C@@H]21,0.3135319991982429
COc1cc([C@@H]2c3cc4c(cc3[C@H](O)[C@H]3COC(=O)[C@H]23)OCO4)cc(OC)c1OC,0.3124037689873014
C/C=C/C1=C(C(=O)O)N2C(=O)[C@@H](NC(=O)[C@H](N)c3ccc(O)cc3)[C@H]2SC1,0.3119243312188421
CC(=O)N=c1sc(S(N)(=O)=O)nn1C,0.3115430486214227
Cc1[nH]c(C)c(Cl)c(=O)c1Cl,0.3109848730823857
C[C@@H](c1ncncc1F)[C@](O)(Cn1cncn1)c1ccc(F)cc1F,0.3097762839572877
C#CCN(C)[C@H](C)Cc1ccccc1,0.3066466322873292
C/C(=C(\CCOP(=O)(O)O)SC(=O)c1ccccc1)N(C=O)Cc1cnc(C)nc1N,0.3065251471094535
Nc1[nH]c(=O)ncc1F,0.3064254066271869
CC[C@H](NC(C)C)[C@H](O)c1ccc(O)c2[nH]c(=O)ccc12,0.3055403585639338
C#CCN(C)Cc1ccccc1,0.3053333333333333
CC[C@@H](C(N)=O)N1CCCC1=O,0.3050909797851128
CC(C)C[C@H](CN)CC(=O)O,0.3043357258303062
CC(Oc1c(Cl)cccc1Cl)C1=NCCN1,0.3016341472528039
CC(C)(N)Cc1ccccc1,0.3013333333333333
CC1(C)C(C=C(Cl)Cl)C1C(=O)OC(C#N)c1cccc(Oc2ccccc2)c1,0.3005573122978103
CN1CCC(=C2c3ccccc3CCc3cccnc32)CC1,0.2989423008833409
CC(C)CC(N(C)C)C1(c2ccc(Cl)cc2)CCC1,0.2989083862474293
Cc1cc2nc3ccc(=[N+](C)C)cc-3sc2cc1N,0.2987419043624196
CN1C2CCC1CC(OC(c1ccccc1)c1ccccc1)C2,0.2986521380707459
CCN(CC)C(=O)/C(C#N)=C/c1cc(O)c(O)c([N+](=O)[O-])c1,0.2971275480405356
CCCC1C(=O)N2C(N(C)C)=Nc3ccc(C)cc3N2C1=O,0.2966198800747514
CNC(C)(C)Cc1ccccc1,0.2948333333333333
CCCC(C)C1(CC)C(=O)NC(=O)NC1=O,0.2947849686248349
Cc1cc(C(C#N)c2ccc(Cl)cc2)c(Cl)cc1NC(=O)c1cc(I)cc(I)c1O,0.2946491030259134
O=C1Nc2ccc(Cl)cc2[C@@](C#CC2CC2)(C(F)(F)F)O1,0.2930563122391882
O=C(O)CC(O)(CC(=O)O)C(=O)O,0.2929498496132689
N#Cc1nn(-c2c(Cl)cc(C(F)(F)F)cc2Cl)c(N)c1S(=O)C(F)(F)F,0.2921634372729395
O=c1[nH]c(=O)n([C@H]2C[C@H](O)[C@@H](CO)O2)cc1F,0.2921597750674332
CC(C)(C)CC(C)(C)c1ccc(OCCOCC[N+](C)(C)Cc2ccccc2)cc1,0.2921246796122104
CC(C)c1nc(N(C)S(C)(=O)=O)nc(-c2ccc(F)cc2)c1/C=C/[C@@H](O)C[C@@H](O)CC(=O)O,0.2920650472681921
COCCOC(=O)C1=C(C)NC(C)=C(C(=O)OC(C)C)C1c1cccc([N+](=O)[O-])c1,0.2919181276090518
CC(C)CN(C[C@@H](O)[C@H](Cc1ccccc1)NC(=O)O[C@H]1CCOC1)S(=O)(=O)c1ccc(N)cc1,0.2916193138389031
CC(CN(C)C)CN1c2ccccc2CCc2ccccc21,0.2911107564973278
Nc1nc2n[nH]nc2c(=O)[nH]1,0.2910416972093304
CC1(C)OC(=O)NC1=O,0.2909984759789353
CCN(CCCCOC(=O)c1ccc(OC)c(OC)c1)C(C)Cc1ccc(OC)cc1,0.289940040912265
CCCC(C)(COC(N)=O)COC(=O)NC(C)C,0.2889142568205605
Cc1ccc(S(=O)(=O)[O-])cc1,0.2879984834519709
Nc1nc2ncc(CNc3ccc(C(=O)N[C@@H](CCC(=O)O)C(=O)O)cc3)nc2c(=O)[nH]1,0.2872308258688629
COc1cc2c(cc1OC)CC(=O)N(CCCN(C)C[C@H]1Cc3cc(OC)c(OC)cc31)CC2,0.2858384552313072
CCCCC(=O)O[C@H]1CC[C@H]2[C@@H]3CCc4cc(O)ccc4[C@H]3CC[C@]12C,0.2853896786574537
N[C@@H](CSCCCO)C(=O)O,0.2853542405880021
COC(=O)N/N=C/c1c[n+]([O-])c2ccccc2[n+]1[O-],0.2850868241806538
CC(C)N1CCN(c2ccc(OC[C@H]3CO[C@](Cn4cncn4)(c4ccc(Cl)cc4Cl)O3)cc2)CC1,0.2842609749915193
CC(=O)Nc1c(I)c(NC(C)=O)c(I)c(C(=O)O)c1I,0.2841498500116924
CC(CN(C)C)C(C)(O)Cc1ccc(Cl)cc1,0.2841460338553317
COc1ccccc1O,0.284
CCOC(=O)C1=C[C@]2(CC)CCCN3CCc4c(n1c1ccccc41)[C@@H]32,0.2837988726402806
Nc1ncnc2c1ncn2[C@@H]1O[C@H](CO)[C@@H](O)[C@@H]1O,0.2824045515317661
CCCC(CCC)C(=O)O,0.2818333333333333
C[C@H](CS)C(=O)N1CCC[C@H]1C(=O)O,0.2805281738692609
CC1(C)S[C@@H]2[C@H](NC(=O)[C@H](N)c3ccc(O)cc3)C(=O)N2[C@H]1C(=O)O,0.2799333855231351
O=C1CC[C@@H](C(=O)N2CSC[C@H]2C(=O)O)N1,0.2797672287956752
Cc1ncc([N+](=O)[O-])n1CC(C)O,0.2797629103898466
CN(Cc1cnc2nc(N)nc(N)c2n1)c1ccc(C(=O)N[C@@H](CCC(=O)O)C(=O)O)cc1,0.279241171123213
CNc1ncnc2c1ncn2[C@@H]1O[C@H](CO)[C@@H](O)[C@H]1O,0.2790266265256189
CC[N+]1(CC)CCC(=C(c2ccccc2)c2ccccc2)C1C,0.277590124787783
Nc1ccn([C@H]2CC[C@@H](CO)O2)c(=O)n1,0.276453549649005
CC1CS(=O)(=O)CCN1/N=C/c1ccc([N+](=O)[O-])o1,0.2764117497335703
CS(=O)(=O)CCNCc1ccc(-c2ccc3ncnc(Nc4ccc(OCc5cccc(F)c5)c(Cl)c4)c3c2)o1,0.274990837501806
CNCCc1ccccn1,0.2724999999999999
Nc1nc(Cl)nc2c1ncn2[C@H]1C[C@H](O)[C@@H](CO)O1,0.2722307265592572
CCOc1nc2cccc(C(=O)OCc3oc(=O)oc3C)c2n1Cc1ccc(-c2ccccc2-c2noc(=O)[nH]2)cc1,0.2697647639067732
OCCN(CCO)c1nc(N2CCCCC2)c2nc(N(CCO)CCO)nc(N3CCCCC3)c2n1,0.2679134329418413
CN(C)C(=O)Oc1ccc[n+](C)c1,0.2671170882987362
CCN(CC)C(=O)[C@]1(c2ccccc2)C[C@@H]1CN,0.266473079719432
CCCCS(=O)(=O)N[C@@H](Cc1ccc(OCCCCC2CCNCC2)cc1)C(=O)O,0.2654159962508822
COc1nc(N)nc2c1ncn2[C@@H]1O[C@H](CO)[C@@H](O)[C@@H]1O,0.2651558505229424
CN1C(=O)OC(C)(C)C1=O,0.2649400814787314
CN/C(=C\[N+](=O)[O-])NCCSCc1ccc(CN(C)C)o1,0.2647528008756112
NC(=O)CN1CC(O)CC1=O,0.2643342085041594
CCC(C)C(C(=O)OCC[N+](C)(CC)CC)c1ccccc1,0.2633007493231322
CO/N=C1\CN(c2nc3c(cc2F)c(=O)c(C(=O)O)cn3C2CC2)CC1CN,0.2632726493062781
NCCCCCC(=O)O,0.2631666666666666
Nc1nc(=S)c2[nH]cnc2[nH]1,0.2628827614584852
O=c1[nH]cnc2c1ncn2[C@H]1CC[C@@H](CO)O1,0.2627672914939834
Cc1ncc(C[n+]2csc(CCO)c2C)c(N)n1,0.2621972626938702
CCCCCCCCNC(C)C(O)c1ccc(SC(C)C)cc1,0.2620616227970405
NNC(=O)c1ccncc1,0.2620216197969674
O=c1[nH]c(=O)n([C@H]2C[C@H](O)[C@@H](CO)O2)cc1C(F)(F)F,0.2615630111112635
CC(C)Nc1ncccn1,0.2604999999999999
COc1ccc([C@@H]2Sc3ccccc3N(CCN(C)C)C(=O)[C@@H]2OC(C)=O)cc1,0.2602423470150843
CCSc1ccc2c(c1)N(CCCN1CCN(C)CC1)c1ccccc1S2,0.2568033192274632
CC1(C)S[C@@H]2[C@H](NC(=O)[C@H](N)c3ccccc3)C(=O)N2[C@H]1C(=O)O,0.2562936355170121
CC1(C)S[C@@H]2[C@H](NC(=O)[C@@H](c3ccccc3)S(=O)(=O)O)C(=O)N2[C@H]1C(=O)O,0.2562694007524099
C[N+]1(C)CCC(OC(=O)C(O)(c2ccccc2)C2CCCC2)C1,0.2529747797949184
CCOC1O[C@H]([C@@H](COCc2ccccc2)OCc2ccccc2)[C@H](OCc2ccccc2)[C@H]1O,0.2525410077848356
CCC(NC(C)C)C(O)c1ccc(O)c(O)c1,0.2521578899552106
CCC[C@H](N[C@@H](C)C(=O)N1[C@H](C(=O)O)C[C@@H]2CCCC[C@@H]21)C(=O)OCC,0.2512509250163043
C[C@@](Cc1ccc(O)c(O)c1)(NN)C(=O)O,0.2501593529064458
CCN[C@H]1CN(CCCOC)S(=O)(=O)c2sc(S(N)(=O)=O)cc21,0.2498850136405766
Cc1cn([C@H]2C=C[C@@H](CO)O2)c(=O)[nH]c1=O,0.2496928797809033
CC(=O)N[C@@H](CS)C(=O)O,0.2494897789608239
CC(C)(C(=O)O)c1ccc(C(O)CCCN2CCC(C(O)(c3ccccc3)c3ccccc3)CC2)cc1,0.2482667452863689
N#C/C(=C1/SCC(c2ccccc2Cl)S1)n1ccnc1,0.2481344917817589
OC[C@H]1O[C@@H](c2ccc(Cl)c(Cc3ccc(O[C@H]4CCOC4)cc3)c2)[C@H](O)[C@@H](O)[C@@H]1O,0.2472942268544543
CN/C(=C\[N+](=O)[O-])NCCSCc1csc(CN(C)C)n1,0.2455196203864912
NC(N)=Nc1nc(CSCCN=CNS(=O)(=O)c2ccc(Br)cc2)cs1,0.2434909344833276
C#C[C@]1(O)CC[C@H]2[C@@H]3CCc4cc(OC)ccc4[C@H]3CC[C@@]21C,0.2434877452506639
Clc1ccc(CCC(Cn2ccnc2)Sc2c(Cl)cccc2Cl)cc1,0.2432912731603106
Cc1ncc([N+](=O)[O-])n1C,0.2432721716683286
Nc1ccn([C@@H]2O[C@H](CO)[C@@H](O)[C@@H]2O)c(=O)n1,0.2416707965837003
CN(C)/N=N/c1nc[nH]c1C(N)=O,0.2400812616998534
CN1CCC(=C2c3ccccc3CCc3sccc32)CC1,0.2392097497479064
CC/C(=C(\c1ccccc1)c1ccc(OCCN(C)C)cc1)c1ccccc1,0.2383314528286799
C[C@]12CC[C@H]3C(=CCc4cc(O)ccc43)[C@@H]1CCC2=O,0.2382864167278853
O=c1[nH]c(=O)n([C@H]2C[C@H](O)[C@@H](CO)O2)cc1I,0.2379502280656477
CN(C)C(=O)COC(=O)Cc1ccc(OC(=O)c2ccc(N=C(N)N)cc2)cc1,0.2367601141516102
CCCCCOC(=O)Nc1nc(=O)n([C@@H]2O[C@H](C)[C@@H](O)[C@H]2O)cc1F,0.2363270100521697
CC(=O)NC1CCSC1=O,0.2338163046333213
Clc1ccc(C(Cn2ccnc2)OCc2csc3c(Cl)cccc23)c(Cl)c1,0.2306922429526909
CC1(C)S[C@@H]2[C@H](NC(=O)C3(N)CCCCC3)C(=O)N2[C@H]1C(=O)O,0.2305517800180039
O=c1[nH]cnc2c1ncn2[C@@H]1O[C@H](CO)[C@@H](O)[C@H]1O,0.2297458713410504
S=C(NC1CCCCC1)N1CCC(c2cnc[nH]2)CC1,0.2291909653873946
COc1ccc2c(c1)N(C[C@H](C)CN(C)C)c1ccccc1S2,0.2287082174035022
CC[N+](C)(C)c1cccc(O)c1,0.2274546371853896
CO[C@]12C[C@@H](COC(=O)c3cncc(Br)c3)CN(C)[C@@H]1Cc1cn(C)c3cccc2c13,0.2268863593493367
CC(C)(C)NC[C@H](O)COc1nsnc1N1CCOCC1,0.2264637204336436
CCCN[C@H]1CCc2nc(N)sc2C1,0.2264115358794685
CC(=O)OC[C@H]1O[C@@H](n2ncc(=O)[nH]c2=O)[C@H](OC(C)=O)[C@@H]1OC(C)=O,0.2240806111622336
NNCCc1ccccc1,0.2240012314651947
CC(=O)[C@H]1CC[C@H]2[C@@H]3CCC4=CC(=O)CC[C@]4(C)[C@H]3CC[C@]12C,0.223897727256443
CN1[C@H]2CCC[C@@H]1CC(NC(=O)c1nn(C)c3ccccc13)C2,0.2238556388736974
O=C(O)CCCC[C@@H]1SC[C@@H]2NC(=O)N[C@H]12,0.2232957875326427
Nc1nc(F)nc2c1ncn2[C@@H]1O[C@H](CO)[C@@H](O)[C@@H]1O,0.2221828303472331
CN1C(=O)COc2c(C(=O)NC3CN4CCC3CC4)cc(Cl)cc21,0.2214892308132118
COc1cc(NC(C)CCCN)c2ncccc2c1,0.2198731950038509
CCC1(C)CC(=O)NC1=O,0.2194373393950215
Cc1cnc(C(=O)O)c[n+]1[O-],0.2190956533701684
CC(C)COC(=O)OCN1C(=O)CN(CCN2CC(=O)N(COC(=O)OCC(C)C)C(=O)C2)CC1=O,0.218566321135154
CCOC(=O)n1ccn(C)c1=S,0.2185495382754425
NS(=O)(=O)c1cc2c(cc1Cl)NC(C(Cl)Cl)NS2(=O)=O,0.2182953009003437
N[C@@H](CCC(=O)N[C@@H](CS)C(=O)NCC(=O)O)C(=O)O,0.2143446937946703
S=c1nc[nH]c2nc[nH]c12,0.2141589507709584
CCC1(C2=NCCN2)Cc2ccccc2O1,0.2134863116788862
NC(=NCCCCCCN=C(N)/N=C(\N)Nc1ccc(Cl)cc1)/N=C(\N)Nc1ccc(Cl)cc1,0.2133666516161422
O=C(O)CN(CCN(CC(=O)O)CC(=O)O)CCN(CC(=O)O)CC(=O)O,0.2127217392257646
C[C@]12CC[C@@H]3c4ccc(O)cc4CC[C@H]3[C@@H]1C[C@@H](O)[C@@H]2O,0.2109000036504394
NC(N)=Nc1nc(CSCC/C(N)=N/S(N)(=O)=O)cs1,0.2093599947916461
CC1(C)[C@H](C(=O)O)N2C(=O)C[C@H]2S1(=O)=O,0.2092557237480705
Cc1ccc(O)c([C@H](CCN(C(C)C)C(C)C)c2ccccc2)c1,0.2071220035454139
C/C(=C1/CCOC(=O)S1)N(C=O)Cc1cnc(C)nc1N,0.2065938229606488
CCOCCn1c(N2CCCN(C)CC2)nc2ccccc21,0.2059703708841811
COCCOC(=O)C1=C(C)NC(C)=C(C(=O)OC/C=C/c2ccccc2)C1c1cccc([N+](=O)[O-])c1,0.2057920180169944
O=c1[nH]c(=O)n([C@H]2C[C@H](O)[C@@H](CO)O2)cc1/C=C/Br,0.2055929512813532
CC(C(=O)[O-])c1cccc(Oc2ccccc2)c1,0.2054943439311354
CC[C@]12CCCN3CCc4c(n(c5ccccc45)[C@@](O)(C(=O)OC)C1)[C@@H]32,0.2043507483963451
Cc1cc(N)c2ccccc2[n+]1CCCCCCCCCC[n+]1c(C)cc(N)c2ccccc21,0.2038445721785571
CC(N)CCCC(C)(C)O,0.2035433244592681
O=C(Cn1cnnn1)N[C@@H]1C(=O)N2C(C(=O)O)=C(CSc3nncs3)CS[C@H]12,0.2034813650706261
COCCCC/C(=N\OCCN)c1ccc(C(F)(F)F)cc1,0.2023070150828011
C[C@]12CC[C@H]3[C@@H](CC=C4C[C@@H](O)CC[C@@]43C)[C@@H]1CCC2=O,0.2006888039080072
CCC1(c2cccc(O)c2)CCCCN(C)C1,0.1999306277721571
CCOC(=O)[C@H](CCc1ccccc1)N[C@H]1CS[C@H](c2cccs2)CN(CC(=O)O)C1=O,0.1994117726795425
COC(=O)[C@H]1[C@@H](O)CC[C@H]2CN3CCc4c([nH]c5ccccc45)[C@@H]3C[C@@H]21,0.1984241787142298
CCN(CC)C(=S)SSC(=S)N(CC)CC,0.1974019942969315
CC(C)[C@H](N)C(=O)OCC(CO)OCn1cnc2c(=O)[nH]c(N)nc21,0.1945909290507937
Nc1ccn([C@@H]2CS[C@H](CO)O2)c(=O)n1,0.1926939281922618
CCOCC(O)COc1ccc(NC(=O)CC[S+](C)C)cc1,0.1913198012398477
C[C@@H](O[C@H]1OCCN(Cc2n[nH]c(=O)[nH]2)[C@H]1c1ccc(F)cc1)c1cc(C(F)(F)F)cc(C(F)(F)F)c1,0.1899809555269831
C=CCSCC1Nc2cc(Cl)c(S(N)(=O)=O)cc2S(=O)(=O)N1,0.1899294550188266
C[N+]12CCC(CC1)C(OC(=O)C(O)(c1ccccc1)c1ccccc1)C2,0.1893254775923412
Cc1ncc([N+](=O)[O-])n1CC(O)CCl,0.1893218921229383
COC(=O)C1=C(C)NC(C)=C(C(=O)OCCN2CCN(C(c3ccccc3)c3ccccc3)CC2)C1c1cccc([N+](=O)[O-])c1,0.1887890782950955
Cn1c(=O)c2[nH]cnc2n(C)c1=O,0.1885646054423965
N=C(N)N1CCc2ccccc2C1,0.1880514131496679
COCC(=O)O[C@]1(CCN(C)CCCc2nc3ccccc3[nH]2)CCc2cc(F)ccc2[C@@H]1C(C)C,0.1860230061623975
CCOC(=O)[C@H](CCc1ccccc1)N[C@@H](C)C(=O)N1CCC[C@H]1C(=O)O,0.1856010727940975
CCN(CC)CCCC(C)Nc1ccnc2cc(Cl)ccc12,0.1855059172858313
O=C(O)[C@H](O)[C@@H](O)C(=O)O,0.184982009637498
CC(=O)O[C@H]1CC[C@@]2(C)C(=CC[C@H]3[C@@H]4CCC(=O)[C@@]4(C)CC[C@@H]32)C1,0.184253794490042
C[C@]12CC[C@H]3[C@@H](CCC4=C(O)C(=O)CC[C@@]43C)[C@@H]1CCC2=O,0.1823926940428658
CCNC1(c2cccs2)CCCCC1=O,0.181960577431587
Cc1cn([C@H]2C[C@H](N=[N+]=[N-])[C@@H](CO)O2)c(=O)[nH]c1=O,0.1815203314103776
CCCN1C[C@H](CSC)C[C@@H]2c3cccc4[nH]cc(c34)C[C@H]21,0.1815033003877448
CCCCC(CC)CN1CN(CC(CC)CCCC)CC(C)(N)C1,0.181192591253758
Nc1ccncc1,0.1811666666666667
CCC(Cc1c(I)cc(I)c(N)c1I)C(=O)O,0.1808014937022086
CCCCc1oc2ccccc2c1C(=O)c1cc(I)c(OCCN(CC)CC)c(I)c1,0.1806534118587534
O=C(O)[C@H](O)[C@@H](O)C(=O)O,0.1802142227690492
NC(=O)c1ncn([C@@H]2O[C@H](CO)[C@@H](O)[C@H]2O)c1O,0.1799701165926984
CN1CC(O)c2cc(N=NC(N)=O)c(O)cc21,0.1796512755999034
CCCCN(CCCC)CCC(O)c1cc2c(Cl)cc(Cl)cc2c2cc(C(F)(F)F)ccc12,0.1792250491052829
CC(C)(C)C(=O)OCOC(=O)[C@@H]1N2C(=O)[C@@H](NC(=O)[C@H](N)c3ccccc3)[C@H]2SC1(C)C,0.1780575314669754
CCC(=O)O[C@H]1CC[C@H]2[C@@H]3CCC4=CC(=O)CC[C@]4(C)[C@H]3CC[C@]12C,0.1778685647349513
CN1[C@H]2CC[C@@H]1CC(OC(=O)c1c[nH]c3ccccc13)C2,0.1772655836626286
CCOc1ccc2nc3cc(N)ccc3c(N)c2c1,0.1767943163819655
C#C[C@]1(O)CC[C@H]2[C@@H]3CCc4cc(O)ccc4[C@H]3CC[C@@]21C,0.1753810834184387
Nc1ccn([C@@H]2O[C@H](CO)[C@@H](O)C2(F)F)c(=O)n1,0.1748878119332889
C[C@]12CC[C@H]3[C@@H](CC[C@H]4C[C@@H](O)CC[C@@]43C)[C@@H]1CCC2=O,0.1748749763644971
O=C(O)[C@H](O)[C@@H](O)C(=O)O,0.1742788856838931
C[C@]12CC[C@@H]3[C@H]4CCC(=O)C=C4CC[C@H]3[C@@H]1CC[C@@H]2O,0.1726161255739854
C[C@]12CC(=O)[C@H]3[C@@H](CCC4=CC(=O)CC[C@@]43C)[C@@H]1CCC2=O,0.1723739034823497
CC1(C)S[C@@H]2[C@H](NC(=O)[C@H](N)c3ccccc3)C(=O)N2[C@H]1C(=O)OC1OC(=O)c2ccccc21,0.1706015004740967
C=CC(N)CCC(=O)O,0.1690687385790157
O=C(NC1CCN(CCCCC2(C(=O)NCC(F)(F)F)c3ccccc3-c3ccccc32)CC1)c1ccccc1-c1ccc(C(F)(F)F)cc1,0.1675791686475242
Nc1ncn(C2O[C@H](CO)[C@H](O)[C@@H]2O)c(=O)n1,0.1662554729413828
Nc1ncnc2c1ncn2[C@@H]1O[C@H](COP(=O)(O)O)[C@@H](O)[C@H]1O,0.1662097579507994
Cc1cc2nc3c(=O)[nH]c(=O)nc-3n(C[C@H](O)[C@H](O)[C@H](O)CO)c2cc1C,0.1648533969750484
CCCCN=C(N)N=C(N)N,0.1635824254509581
CCC1(CC)C(=O)C=CNC1=O,0.1635792791930854
CN=C(NC#N)NCCSCc1nc[nH]c1C,0.1634130460404154
CCCCCN=C(N)N/N=C/c1c[nH]c2ccc(OC)cc12,0.1629770936037834
CC(N=C(NC#N)Nc1ccncc1)C(C)(C)C,0.1605094992320571
CCCSS/C(CCO)=C(/C)N(C=O)Cc1cnc(C)nc1N,0.1603901569946634
C[N+](C)(C)CCOC(N)=O,0.1592561536598438
O=C(c1ccccc1)c1ccc2n1CCC2C(=O)O,0.1574722114859394
NCCCNCCSP(=O)(O)O,0.1561883910903056
CC[C@@H]1C(=O)OC[C@@H]1Cc1cncn1C,0.1558422619200109
CC(C)CN(C[C@@H](O)[C@H](Cc1ccccc1)NC(=O)O[C@H]1CO[C@H]2OCC[C@@H]12)S(=O)(=O)c1ccc(N)cc1,0.1547693157518319
NC(=O)c1ncn([C@@H]2O[C@H](CO)[C@@H](O)[C@H]2O)n1,0.1539304915339352
O=C1O[C@H]([C@@H](O)CO)C(O)=C1O,0.1536647590081127
CC(C)c1c(C(=O)Nc2ccccc2)c(-c2ccccc2)c(-c2ccc(F)cc2)n1CC[C@@H](O)C[C@@H](O)CC(=O)O,0.1523010617447182
Nc1nc(=S)c2ncn([C@@H]3O[C@H](CO)[C@@H](O)[C@H]3O)c2[nH]1,0.1522747757110348
CC(=O)N(CC(C)C(=O)O)c1c(I)cc(I)c(N)c1I,0.1520561848000116
NC(=O)NC1NC(=O)NC1=O,0.1502591705507053
C[C@]12CC[C@H]3[C@@H](CCC4=CC(=O)CC[C@@]43C)[C@@H]1CC[C@@H]2C(=O)CO,0.1495269697938203
C[C@]12CC[C@@H]3c4ccc(OC(=O)N(CCCl)CCCl)cc4CC[C@H]3[C@@H]1CC[C@@H]2O,0.1495053558235595
CCN[C@H]1C[C@H](C)S(=O)(=O)c2sc(S(N)(=O)=O)cc21,0.1486332955615249
OC(CCN1CCCCC1)(c1ccccc1)c1ccccc1,0.1485
CC(C)OC(=O)C(C(=O)OC(C)C)=C1SC=CS1,0.1468238498367596
CCOC(=O)c1ccc(OC(=O)CCCCCN=C(N)N)cc1,0.1465623790908921
CC[C@@H](CO)NC(=O)[C@@H]1C=C2c3cccc4[nH]cc(c34)C[C@H]2N(C)C1,0.1457437613267078
CCN(CC)CCOCCOC(=O)C1(c2ccccc2)CCCC1,0.1451610287153207
CCc1c2c(nc3ccc(OC(=O)N4CCC(N5CCCCC5)CC4)cc13)-c1cc3c(c(=O)n1C2)COC(=O)[C@]3(O)CC,0.1451189338388666
CC[C@@H](CO)NCCN[C@@H](CC)CO,0.1432061055103738
C[C@H](CCC(=O)O)[C@H]1CC[C@H]2[C@@H]3CC[C@@H]4C[C@H](O)CC[C@]4(C)[C@H]3CC[C@@]21C,0.1413543332070946
CC(=O)[C@H]1CC[C@H]2[C@@H]3CC=C4C[C@@H](O)CC[C@]4(C)[C@H]3CC[C@]12C,0.1408633913779803
O=C(CCCCC(=O)Nc1c(I)cc(I)c(C(=O)O)c1I)Nc1c(I)cc(I)c(C(=O)O)c1I,0.1402513904272486
CCOC(=O)C(C)(N)Cc1cc(I)c(Oc2cc(I)c(O)c(I)c2)c(I)c1,0.1402503072908226
O=C(O)C1CSCN1,0.1387911625242797
CN(C)CCCSC(=N)N,0.137183577425277
CCO/C([O-])=N/c1c[n+](N2CCOCC2)no1,0.1367064912442739
CN(C)C(=N)N=C(N)N,0.1366626657259847
CCCCC[C@H](O)/C=C/[C@H]1[C@H](O)CC(=O)[C@@H]1CCCCCCC(=O)O,0.1360075022594955
C=C1[C@@H](n2cnc3c(=O)[nH]c(N)nc32)C[C@H](O)[C@H]1CO,0.1359978776956795
CC(=O)OC1CN2CCC1CC2,0.1358717507517509
O=C(O)[C@H](O)[C@@H](O)C(=O)O,0.1334290274873359
NCc1ccccc1CC(=O)N[C@@H]1C(=O)N2C(C(=O)O)=C(CSc3nnnn3CC(=O)O)CS[C@H]12,0.1331247283599225
COc1cc(C(=O)OCCCN2CCCN(CCCOC(=O)c3cc(OC)c(OC)c(OC)c3)CC2)cc(OC)c1OC,0.1316061622077762
NC(N)=NCCN1CCCCCCC1,0.129378247806514
CN(CCCCCCCCCCN(C)C(=O)Oc1cccc([N+](C)(C)C)c1)C(=O)Oc1cccc([N+](C)(C)C)c1,0.1275465854701529
O=C(O)c1cc2ccccc2c(Cc2c(O)c(C(=O)O)cc3ccccc23)c1O,0.1268021687668165
CCC(=O)O[C@@](Cc1ccccc1)(c1ccccc1)[C@@H](C)CN(C)C,0.1260498198372726
Cc1cn[nH]c1,0.1252957310232178
Nc1nc(/C(=C/CC(=O)O)C(=O)N[C@@H]2C(=O)N3C(C(=O)O)=CCS[C@H]23)cs1,0.1241827889705345
COc1ccc2c(c1)c(CC(=O)OC/C=C(\C)CC/C=C(\C)CCC=C(C)C)c(C)n2C(=O)c1ccc(Cl)cc1,0.1241462074726793
C[C@]12C=CC(=O)C=C1CC[C@@H]1[C@@H]2CC[C@@]2(C)[C@H]1CC[C@]2(C)O,0.1217067634413003
CN(C)c1ccc(O)c2c1C[C@H]1C[C@H]3[C@H](N(C)C)C(=O)C(C(N)=O)=C(O)[C@@]3(O)C(=O)C1=C2O,0.1208108684665972
C1CCc2nnnn2CC1,0.1200159745922962
O=C1[C@H]2[C@@H]3CC[C@@H](C3)[C@H]2C(=O)N1CCCCN1CCN(c2ncccn2)CC1,0.1198911806937338
C[N+]1(C)CCC(=C(c2ccccc2)c2ccccc2)CC1,0.1184090374091716
C[N+](C)(C)CCCCCCCCCC[N+](C)(C)C,0.1163896295460405
CNC(=O)c1c(I)c(C(=O)NCC(=O)Nc2c(I)c(C(=O)O)c(I)c(C(=O)NCCO)c2I)c(I)c(N(C)C(C)=O)c1I,0.1161661654809394
CC(C)(O)c1ccccc1CC[C@@H](SCC1(CC(=O)O)CC1)c1cccc(/C=C/c2ccc3ccc(Cl)cc3n2)c1,0.1125330272148227
CCCCCCCCCCCCCCCC[N+](C)(C)CCN(Cc1ccc(OC)cc1)c1ncccn1,0.11248486461108
COc1c(O)cc2c(c1O)[C@@H]1O[C@H](CO)[C@@H](O)[C@H](O)[C@H]1OC2=O,0.1110539804630413
CC(C)(C)NCC(O)c1cc(O)cc(O)c1,0.1110181766478212
CCCCc1oc2ccc(NS(C)(=O)=O)cc2c1C(=O)c1ccc(OCCCN(CCCC)CCCC)cc1,0.1106387339441209
CCOC(=O)OC(C)OC(=O)[C@@H]1N2C(=O)[C@@H](NC(=O)[C@H](N)c3ccccc3)[C@H]2SC1(C)C,0.1106110315684834
CCCCCCC[N+](CC)(CC)CCCCc1ccc(Cl)cc1,0.1102145381146975
C=CC1=C(C(=O)O)N2C(=O)[C@@H](NC(=O)/C(=N\OCC(=O)O)c3csc(N)n3)[C@H]2SC1,0.1095329706159073
C[C@H]1C[C@H](C)C(=O)[C@H]([C@H](O)CC2CC(=O)NC(=O)C2)C1,0.1075007391909635
CC(C)NCC(O)c1cc(O)cc(O)c1,0.1072727982172369
CCN(CC)CCOCCOC(=O)C(CC)(CC)c1ccccc1,0.1053429882635225
Cc1ccc2c(c1)c1c3n2CCNC3CCC1,0.1044121573285055
C[C@]1(Cn2ccnn2)[C@H](C(=O)O)N2C(=O)C[C@H]2S1(=O)=O,0.1038794023085037
COC1=CC(=O)C[C@@H](C)[C@]12Oc1c(Cl)c(OC)cc(OC)c1C2=O,0.102990822615052
C=CC1=C(C(=O)O)N2C(=O)[C@@H](NC(=O)/C(=N\O)c3csc(N)n3)[C@H]2SC1,0.1017991799108626
CC1=C(C(=O)O)N2C(=O)[C@@H](NC(=O)[C@H](N)C3=CCC=CC3)[C@H]2SC1,0.0994700514153403
CCOC(=O)C1=C[C@@H](OC(CC)CC)[C@H](NC(C)=O)[C@@H](N)C1,0.0976465537064843
CC(=O)NCCCS(=O)(=O)[O-],0.0966678816741877
CN(C)CCn1nnnc1SCC1=C(C(=O)O)N2C(=O)[C@@H](NC(=O)Cc3csc(N)n3)[C@H]2SC1,0.0956245677678585
C#C[C@]1(O)CC[C@H]2[C@@H]3CCC4=CC(=O)CC[C@]4(C)[C@H]3CC[C@@]21C,0.0954552975778337
CCNC(=O)CCC/C=C\C[C@H]1[C@@H](O)C[C@@H](O)[C@@H]1/C=C/[C@@H](O)CCc1ccccc1,0.0950402969990924
Cc1cccc(C)c1OCC(=O)N[C@@H](Cc1ccccc1)[C@@H](O)C[C@H](Cc1ccccc1)NC(=O)[C@H](C(C)C)N1CCCNC1=O,0.094718017577726
CC(C[N+](C)(C)C)OC(N)=O,0.0938895434389218
NC(N)=NCc1cccc(I)c1,0.0934824253741067
O=C(O)[C@H]1/C(=C/CO)O[C@@H]2CC(=O)N21,0.0933526329378773
CC(C)OC(=O)CCC/C=C\C[C@H]1[C@@H](O)C[C@@H](O)[C@@H]1CC[C@@H](O)CCc1ccccc1,0.0930595442591408
Cn1cc[nH]c1=S,0.0925514422838999
COc1cc(N)cn[n+]1-c1ccccc1,0.0912715725716601
CCCCC(C)(O)C/C=C/[C@H]1[C@H](O)CC(=O)[C@@H]1CCCCCCC(=O)OC,0.0911081791316287
C/C(=C(/CCO)SSCC1CCCO1)N(C=O)Cc1cnc(C)nc1N,0.090881663103426
CN(C)CCCO[C@H]1[C@@H]([C@H](O)CO)O[C@@H]2OC(C)(C)O[C@H]12,0.0877401651822267
NC(N)=N/N=C/c1c(Cl)cccc1Cl,0.0874844965605981
CC[N+](C)(CC)CCC[n+]1c(-c2ccccc2)c2cc(N)ccc2c2ccc(N)cc21,0.0857189305757449
C[C@H]1[C@H](NC(=O)/C(=N\OC(C)(C)C(=O)O)c2csc(N)n2)C(=O)N1S(=O)(=O)O,0.085208338640515
OCCN1C[C@H](O)[C@@H](O)[C@H](O)[C@H]1CO,0.0833789097525651
C=C1C[C@@H]2[C@H](CC[C@]3(C)C(=O)CC[C@@H]23)[C@@]2(C)C=CC(=O)C=C12,0.0824892962380063
CC(=O)OC(C)C[N+](C)(C)C,0.0803536009616637
CC(C)(C)NC[C@H](O)COc1ccccc1C1CCCC1,0.0782190720312608
N=C(N)c1ccc(OCCCCCOc2ccc(C(=N)N)cc2)cc1,0.0766133685679631
C[N+](C)(C)CCCCCC[N+](C)(C)C,0.0750274684670927
C=C1CC[C@H](O)C/C1=C/C=C1\CCC[C@@]2(C)[C@H]1CC[C@@H]2[C@H](C)CCCC(C)C,0.074768549852682
CC(=O)[C@H]1CC[C@H]2[C@@H]3CC[C@H]4C[C@H](O)CC[C@]4(C)[C@H]3C(=O)C[C@]12C,0.0732593954628407
C[n+]1ccccc1/C=N/O,0.0712744247813204
O=C(NCC1CCCCN1)c1cc(OCC(F)(F)F)ccc1OCC(F)(F)F,0.0709394430719857
C[C@]12C[C@H](O)[C@H]3[C@@H](CCC4=CC(=O)CC[C@@]43C)[C@@H]1CC[C@@H]2C(=O)CO,0.0708362828653312
CC(=O)[C@H]1CC[C@H]2[C@@H]3C=CC4=CC(=O)CC[C@@]4(C)[C@@H]3CC[C@]12C,0.0699513341256285
CC1CNc2c(cccc2S(=O)(=O)N[C@@H](CCCN=C(N)N)C(=O)N2CC[C@@H](C)C[C@@H]2C(=O)O)C1,0.0698822786076982
CNC[C@H](O)[C@@H](O)[C@H](O)[C@H](O)CO,0.0678866703452958
CNC[C@H](O)[C@@H](O)[C@H](O)[C@H](O)CO,0.0669644883626194
CC#C[C@]1(O)CC[C@H]2[C@@H]3CCC4=CC(=O)CCC4=C3[C@@H](c3ccc(N(C)C)cc3)C[C@@]21C,0.0641277351381907
C[C@]12COC(=O)C[C@@H]1CC[C@@H]1[C@@H]2CC[C@@]2(C)[C@H]1CC[C@]2(C)O,0.064068979935593
C[C@H](O)C(=O)Nc1c(I)c(C(=O)NC(CO)CO)c(I)c(C(=O)NC(CO)CO)c1I,0.0632943009907806
COCC(=O)Nc1c(I)c(C(=O)NCC(O)CO)c(I)c(C(=O)N(C)CC(O)CO)c1I,0.0627075069180777
C[C@H](CCC(=O)O)[C@H]1CC[C@H]2[C@H]3[C@H](CC[C@@]21C)[C@@]1(C)CC[C@@H](O)C[C@H]1C[C@H]3O,0.0626606965591471
C[C@H](CCC(=O)O)[C@H]1CC[C@H]2[C@@H]3[C@@H](O)C[C@@H]4C[C@H](O)CC[C@]4(C)[C@H]3CC[C@@]21C,0.0610037715294614
C[C@]12CC(=O)[C@H]3[C@@H](CCC4=CC(=O)CC[C@@]43C)[C@@H]1CC[C@]2(O)C(=O)CO,0.0606756202856453
CCCCNc1ccc(C(=O)OCCOCCOCCOCCOCCOCCOCCOCCOCCOC)cc1,0.0604188118529704
CCCCCCCCCCCCCCCCCCCCCC(=O)Nc1ccn([C@@H]2O[C@H](CO)[C@@H](O)[C@@H]2O)c(=O)n1,0.0550082689869003
CC(=O)OCC(=O)[C@@]1(O)CC[C@H]2[C@@H]3CCC4=CC(=O)CC[C@]4(C)[C@H]3[C@@H](O)C[C@@]21C,0.0538065344286772
Cc1cc(=O)c(C(=O)N[C@@H](C(=O)N[C@@H]2C(=O)N3C(C(=O)O)=C(CSc4nnnn4C)CS[C@H]23)c2ccc(O)cc2)c[nH]1,0.052937766393669
O=P1(N(CCCl)CCCl)NCCCO1,0.0528351953981363
C[C@]12C[C@H](O)[C@H]3[C@@H](CCC4=CC(=O)CC[C@@]43C)[C@@H]1CC[C@]2(O)C(=O)CO,0.0508620157400408
C[C@]12CCC3=C4CCC(=O)C=C4CC[C@H]3[C@@H]1CC[C@@]2(O)CC#N,0.049717358288814
C[C@@H](O)[C@H]1C(=O)N2C(C(=O)O)=C(S[C@@H]3CN[C@H](C(=O)N(C)C)C3)[C@H](C)[C@H]12,0.0489271092752285
COC(=O)[C@H]1[C@H]2C[C@@H]3c4[nH]c5cc(OC)ccc5c4CCN3C[C@H]2C[C@@H](OC(=O)c2cc(OC)c(OC)c(OC)c2)[C@@H]1OC,0.0467940612566475
O=S(=O)(O)c1cc(O)ccc1O,0.0465050848166231
CN(C)[C@@H]1C(=O)C(C(N)=O)=C(O)[C@@]2(O)C(=O)C3=C(O)c4c(O)cccc4[C@@](C)(O)[C@H]3C[C@@H]12,0.046012170380173
O=[N+]([O-])O[C@@H]1CO[C@@H]2[C@@H](O)CO[C@H]12,0.0450843576586411
CC(C)(C)NC(=O)[C@H]1CC[C@H]2[C@@H]3CC[C@H]4NC(=O)C=C[C@]4(C)[C@H]3CC[C@]12C,0.0447942462802283
CO/N=C(\C(=O)N[C@@H]1C(=O)N2C(C(=O)OC(C)OC(C)=O)=C(COC(N)=O)CS[C@H]12)c1ccco1,0.0437893959972289
C#C[C@]1(O)CC[C@H]2[C@@H]3CCC4=CC(=O)CC[C@@H]4[C@H]3CC[C@@]21C,0.0427474002471006
C[N+](C)(C)C[C@H](O)CC(=O)[O-],0.0419634828804565
CC/C=C(\C(=O)N[C@@H]1C(=O)N2C(C(=O)OCOC(=O)C(C)(C)C)=C(COC(N)=O)CS[C@H]12)c1csc(N)n1,0.0412804236830508
CC(=O)OCC(=O)[C@H]1CC[C@H]2[C@@H]3CC[C@H]4C[C@H](O)CC[C@]4(C)[C@H]3C(=O)C[C@]12C,0.0410048404125451
C[C@]12CC(=O)[C@H]3[C@@H](CCC4=CC(=O)C=C[C@@]43C)[C@@H]1CC[C@]2(O)C(=O)CO,0.0405329750979254
C[C@@H](O)[C@H]1C(=O)N2C(C(=O)O)=C(SCCN=CN)C[C@H]12,0.0388306428607012
C[C@]12CC[C@@H]3c4ccc(OS(=O)(=O)O)cc4CC[C@H]3[C@@H]1CCC2=O,0.0373251454266296
CN(N=O)C(=O)N[C@H]1[C@@H](O)O[C@H](CO)[C@@H](O)[C@@H]1O,0.0371537693426228
CCC(=O)OC(OP(=O)(CCCCc1ccccc1)CC(=O)N1C[C@H](C2CCCCC2)C[C@H]1C(=O)O)C(C)C,0.0371278879347446
CC(C)(C)NC(=O)[C@@H]1CN(Cc2cccnc2)CCN1C[C@@H](O)C[C@@H](Cc1ccccc1)C(=O)N[C@H]1c2ccccc2C[C@H]1O,0.0352930122391396
C=C1/C(=C\C=C2/CCC[C@@]3(C)[C@H]2CC[C@@H]3[C@H](C)CCCC(C)C)C[C@@H](O)C[C@@H]1O,0.0350480512915654
CC[N+](CC)(CC)CCOc1cccc(OCC[N+](CC)(CC)CC)c1OCC[N+](CC)(CC)CC,0.0347375776214341
CN(C)[C@@H]1C(=O)C(C(N)=O)=C(O)[C@@]2(O)C(=O)C3=C(O)c4c(O)ccc(Cl)c4[C@@H](O)[C@H]3C[C@@H]12,0.0346529221739307
N[C@@H]1CONC1=O,0.0346321025144459
O=C(NCC(O)CO)c1c(I)c(C(=O)NCC(O)CO)c(I)c(N(CCO)C(=O)CO)c1I,0.0319969738347905
C#C[C@]1(O)CC[C@H]2[C@@H]3CCC4=C(CCC(=O)C4)[C@H]3CC[C@@]21C,0.0318253922402764
C[C@H]1c2cccc(O)c2C(O)=C2C(=O)[C@]3(O)C(O)=C(C(N)=O)C(=O)[C@@H](N(C)C)[C@@H]3[C@@H](O)[C@@H]21,0.0307281997898579
C=CC[C@]1(O)CC[C@H]2[C@@H]3CCC4=CCCC[C@@H]4[C@H]3CC[C@@]21C,0.0303731409554835
C/C(=C(/CCOC(=O)c1ccccc1)SS/C(CCOC(=O)c1ccccc1)=C(\C)N(C=O)Cc1cnc(C)nc1N)N(C=O)Cc1cnc(C)nc1N,0.0297389485273495
C[C@]12C[C@H](O)[C@H]3[C@@H](CCC4=CC(=O)C=C[C@@]43C)[C@@H]1CC[C@]2(O)C(=O)CO,0.0296085683630123
C#C[C@]1(O)CC[C@H]2[C@@H]3CCC4=CCCC[C@@H]4[C@H]3CC[C@@]21C,0.029354096713038
COc1c(O[C@@H]2O[C@H](CO)[C@@H](O)[C@H](O)[C@H]2O)cc2c(c1OC)-c1ccc(SC)c(=O)cc1[C@@H](NC(C)=O)CC2,0.0285986746683978
OCCOCCN1CCN(C2=Nc3ccccc3Sc3ccccc32)CC1,0.0275942706907933
O=C(O[C@H]1C[N+]2(CCCOc3ccccc3)CCC1CC2)C(O)(c1cccs1)c1cccs1,0.0272853434849698
COCC1=C(C(=O)OC(C)OC(=O)OC(C)C)N2C(=O)[C@@H](NC(=O)/C(=N\OC)c3csc(N)n3)[C@H]2SC1,0.0261809459415101
N=C(N)c1ccc2cc(OC(=O)c3ccc(N=C(N)N)cc3)ccc2c1,0.0248856896859879
CC(C)(CO)[C@@H](O)C(=O)NCCC(=O)NCCSSCCNC(=O)CCNC(=O)[C@H](O)C(C)(C)CO,0.0244886073040665
CC(C)c1nc(CN(C)C(=O)N[C@H](C(=O)N[C@@H](Cc2ccccc2)C[C@H](O)[C@H](Cc2ccccc2)NC(=O)OCc2cncs2)C(C)C)cs1,0.0243471044960729
CC(CN(C)C)CN1c2ccccc2Sc2ccccc21,0.024064134048826
CC(=O)N[C@@H]1[C@@H](N=C(N)N)C=C(C(=O)O)O[C@H]1[C@H](O)[C@H](O)CO,0.0238716855581602
O=[N+]([O-])O[C@H]1CO[C@H]2[C@@H]1OC[C@H]2O[N+](=O)[O-],0.0238064574402128
O=C(NCCNCC(O)COc1ccc(O)cc1)N1CCOCC1,0.0228896372937896
CO/N=C(\C(=O)N[C@@H]1C(=O)N2C(C(=O)OCOC(=O)C(C)(C)C)=C(/C=C\c3scnc3C)CS[C@H]12)c1csc(N)n1,0.0219931227087309
CCN1CCN(C(=O)N[C@@H](C(=O)N[C@@H]2C(=O)N3C(C(=O)O)=C(CSc4nnnn4C)CS[C@H]23)c2ccc(O)cc2)C(=O)C1=O,0.021396114172558
CC(=O)N(O)CCCCCNC(=O)CCC(=O)N(O)CCCCCNC(=O)CCC(=O)N(O)CCCCCN,0.0213072016480233
CC(=O)N(CC(O)CO)c1c(I)c(C(=O)NCC(O)CO)c(I)c(C(=O)NCC(O)CO)c1I,0.0210213549661733
CN(C)[C@@H]1C(=O)C(C(N)=O)=C(O)[C@@]2(O)C(=O)C3=C(O)c4c(O)ccc(Cl)c4[C@@](C)(O)[C@H]3C[C@@H]12,0.0202834413686932
C[C@]12CC[C@H](O)C[C@H]1CC[C@@H]1[C@@H]2CC[C@]2(C)[C@@H](C3=CC(=O)OC3)CC[C@]12O,0.0191778351305754
CC(C)(C)C(=O)OCOC(=O)[C@@H]1N2C(=O)[C@@H](N=CN3CCCCCC3)[C@H]2SC1(C)C,0.019053164488511
CO/N=C(\C(=O)N[C@@H]1C(=O)N2C(C(=O)[O-])=C(C[n+]3cccc4c3CCC4)CS[C@H]12)c1csc(N)n1,0.0180982983884399
O=C(NCNC(=O)NC1C(=O)NC(=O)N1CO)NC1C(=O)NC(=O)N1CO,0.0169379703048788
CC(C)NCC(O)COc1ccc(COCCOC(C)C)cc1,0.0165474523497043
C=C1c2cccc(O)c2C(O)=C2C(=O)[C@]3(O)C(O)=C(C(N)=O)C(=O)[C@@H](N(C)C)[C@@H]3[C@@H](O)[C@H]12,0.0162643224116978
CN(C)c1cc(NC(=O)CNC(C)(C)C)c(O)c2c1C[C@H]1C[C@H]3[C@H](N(C)C)C(=O)C(C(N)=O)=C(O)[C@@]3(O)C(=O)C1=C2O,0.0162412310163091
C[C@]12C/C(=C/O)C(=O)C[C@@H]1CC[C@@H]1[C@@H]2CC[C@@]2(C)[C@H]1CC[C@]2(C)O,0.0152341714647086
CO/N=C(\C(=O)N[C@@H]1C(=O)N2C(C(=O)O)=C(C[N+]3(C)CCCC3)CS[C@H]12)c1csc(N)n1,0.0145460699390833
CCCCC(CC)CN=C(N)NC(N)=NCCCCCCN=C(N)NC(N)=NCC(CC)CCCC,0.0140212223275976
CC(=O)O[C@]1(C(C)=O)CC[C@H]2[C@@H]3C=C(C)C4=CC(=O)CC[C@]4(C)[C@H]3CC[C@@]21C,0.0137418470788411
N[C@@H](CCC(=O)N[C@@H](CSSC[C@H](NC(=O)CC[C@H](N)C(=O)O)C(=O)NCC(=O)O)C(=O)NCC(=O)O)C(=O)O,0.0136455354006529
CC(=O)[C@H]1CC[C@H]2[C@@H]3C[C@H](C)C4=CC(=O)CC[C@]4(C)[C@H]3[C@@H](O)C[C@]12C,0.0134086166512773
CC(N)C12CC3CC(CC(C3)C1)C2,0.0131759755963407
NC12CC3CC(CC(C3)C1)C2,0.0125031369199484
CC(C)(C)NC(=O)[C@@H]1C[C@@H]2CCCC[C@@H]2CN1C[C@@H](O)[C@H](Cc1ccccc1)NC(=O)[C@H](CC(N)=O)NC(=O)c1ccc2ccccc2n1,0.0104559926081449
CC(=O)Nc1c(I)c(C(=O)N[C@H]2C(O)O[C@H](CO)[C@@H](O)[C@@H]2O)c(I)c(N(C)C(C)=O)c1I,0.0104021388467437
CC(C)(CO)[C@@H](O)C(=O)NCCCC(=O)[O-],0.0099979472346932
CC(C(O)c1ccc(O)cc1)N1CCC(Cc2ccccc2)CC1,0.0093281326939154
NS(=O)(=O)c1cc(C(=O)NN2C[C@H]3[C@@H]4CC[C@@H](C4)[C@H]3C2)ccc1Cl,0.0089641938773608
C[C@]12Cc3cn[nH]c3C[C@@H]1CC[C@@H]1[C@@H]2CC[C@@]2(C)[C@H]1CC[C@]2(C)O,0.0088492747476998
Cc1c(O)cccc1C(=O)N[C@@H](CSc1ccccc1)[C@H](O)CN1C[C@H]2CCCC[C@H]2C[C@H]1C(=O)NC(C)(C)C,0.0086757151656636
CCCCC[C@H](O)/C=C/[C@H]1[C@H](O)C[C@H](O)[C@@H]1C/C=C\CCCC(=O)O,0.0084989123114546
CC(=O)O[C@]1(C(C)=O)CC[C@H]2[C@@H]3C=C(Cl)C4=CC(=O)CC[C@]4(C)[C@H]3CC[C@@]21C,0.0081170135531139
CC(C)CC(=O)N[C@H](C(=O)N[C@H](C(=O)N[C@@H](CC(C)C)[C@@H](O)CC(=O)N[C@@H](C)C(=O)N[C@@H](CC(C)C)[C@@H](O)CC(=O)O)C(C)C)C(C)C,0.0079265296069688
O=C(O)[C@@H](O)[C@H](O)[C@H](O)[C@@H](O)C(=O)O,0.0069178312161787
CC(=O)OCC(=O)[C@@]1(O)CC[C@H]2[C@@H]3CCC4=CC(=O)C=C[C@]4(C)[C@@]3(F)[C@@H](O)C[C@@]21C,0.0063021322757147
CCCCCCCN(CC)CCCC(O)c1ccc(NS(C)(=O)=O)cc1,0.0061968827196361
Nc1nc2c(c(=O)[nH]1)N(C=O)C(CNc1ccc(C(=O)N[C@@H](CCC(=O)[O-])C(=O)[O-])cc1)CN2,0.0057744559902057
CC1(C)O[C@@H]2CO[C@@]3(COS(N)(=O)=O)OC(C)(C)O[C@H]3[C@@H]2O1,0.0032065504683563
CC(=O)OCC(=O)[C@@]1(O)CC[C@H]2[C@@H]3CCC4=CC(=O)CC[C@]4(C)[C@@]3(F)[C@@H](O)C[C@@]21C,0.0023874272767066
COc1ccc(C[C@H](C)NC[C@@H](O)c2ccc(O)c(NC=O)c2)cc1,0.0023465544182586
COc1cccc2c1C(=O)c1c(O)c3c(c(O)c1C2=O)C[C@@](O)(C(C)=O)C[C@@H]3O[C@H]1C[C@H](N)[C@H](O)[C@H](C)O1,0.0020814767278741
C[C@H](CCC(=O)O)[C@H]1CC[C@H]2[C@@H]3C(=O)C[C@@H]4CC(=O)CC[C@]4(C)[C@H]3CC(=O)[C@@]21C,0.0012067611583632
CNC(=O)Oc1ccc2c(c1)[C@]1(C)CCN(C)[C@@H]1N2C,0.0010400872596437
CO[C@@]1(NC(=O)C2SC(=C(C(N)=O)C(=O)O)S2)C(=O)N2C(C(=O)O)=C(CSc3nnnn3C)CS[C@@H]21,0.0007955981803296
OCC(CO)N[C@H]1C[C@](O)(CO)[C@@H](O)[C@H](O)[C@H]1O,0.0006448704123632
O=C(O)c1cc2ccccc2c(Cc2c([O-])c(C(=O)O)cc3ccccc23)c1[O-],0.0
CN1[C@H]2CC[C@@H]1CC(OC1c3ccccc3CCc3ccccc31)C2,0.0
CN1[C@H]2CC[C@@H]1CC(OC(=O)C(CO)c1ccccc1)C2,0.0
OCCN1CCN(CC/C=C2/c3ccccc3Sc3ccc(Cl)cc32)CC1,0.0
Fc1ccc(C(c2ccc(F)cc2)N2CCN(C/C=C/c3ccccc3)CC2)cc1,0.0
Clc1ccc2nsnc2c1NC1=NCCN1,0.0
C#C[C@]1(OC(C)=O)CC[C@H]2[C@@H]3CCC4=C/C(=N/O)CC[C@@H]4[C@H]3CC[C@@]21CC,0.0
O=C1c2c(O)ccc(O)c2C(=O)c2c(NCCNCCO)ccc(NCCNCCO)c21,0.0
CC(C)C[C@H]1C(=O)N2CCC[C@H]2[C@]2(O)O[C@](NC(=O)[C@@H]3C=C4c5cccc6[nH]c(Br)c(c56)C[C@H]4N(C)C3)(C(C)C)C(=O)N12,0.0
COc1cccc2c1C(=O)c1c(O)c3c(c(O)c1C2=O)C[C@@](O)(C(=O)CO)C[C@@H]3O[C@H]1C[C@H](N)[C@@H](O)[C@H](C)O1,0.0
O[C@@H](CNC[C@H](O)[C@H]1CCc2cc(F)ccc2O1)[C@@H]1CCc2cc(F)ccc2O1,0.0
COc1cc(Br)c(C[N+]2(CCOCCC3CCC4CC3C4(C)C)CCOCC2)cc1OC,0.0
CC[C@H](C)C(=O)O[C@H]1C[C@@H](C)C=C2C=C[C@H](C)[C@H](CC[C@@H]3C[C@@H](O)CC(=O)O3)[C@H]21,0.0
NC(=NCc1ccccc1)NC(=O)c1nc(Cl)c(N)nc1N,0.0
CCC(C)(C)C(=O)O[C@H]1C[C@@H](C)C=C2C=C[C@H](C)[C@H](CC[C@@H]3C[C@@H](O)CC(=O)O3)[C@H]21,0.0
NC(N)=NC(N)=NCCc1ccccc1,0.0
COc1cccc2c1C(=O)c1c(O)c3c(c(O)c1C2=O)C[C@@](O)(C(=O)CO)C[C@@H]3O[C@H]1C[C@H](N)[C@H](O)[C@H](C)O1,0.0
CCCSc1nc(N[C@@H]2C[C@H]2c2ccc(F)c(F)c2)c2nnn([C@@H]3C[C@H](OCCO)[C@@H](O)[C@H]3O)c2n1,0.0
CC[C@H](C)[C@H]1O[C@]2(CC[C@@H]1C)C[C@@H]1C[C@@H](C/C=C(\C)[C@@H](O[C@H]3C[C@H](OC)[C@@H](O[C@H]4C[C@H](OC)[C@@H](O)[C@H](C)O4)[C@H](C)O3)[C@@H](C)/C=C/C=C3\CO[C@@H]4[C@H](O)C(C)=C[C@@H](C(=O)O1)[C@]34O)O2,0.0
O[C@@H](c1cc(C(F)(F)F)nc2c(C(F)(F)F)cccc12)[C@H]1CCCCN1,0.0
CO[C@@]12[C@H](COC(N)=O)C3=C(C(=O)C(C)=C(N)C3=O)N1C[C@@H]1N[C@@H]12,0.0
CC[C@H](C)[C@H]1O[C@]2(C=C[C@@H]1C)C[C@@H]1C[C@@H](C/C=C(\C)[C@@H](O[C@H]3C[C@H](OC)[C@@H](O[C@H]4C[C@H](OC)[C@@H](O)[C@H](C)O4)[C@H](C)O3)[C@@H](C)/C=C/C=C3\CO[C@@H]4[C@H](O)C(C)=C[C@@H](C(=O)O1)[C@]34O)O2,0.0
N=c1ccn2c(n1)O[C@H]1[C@H](O)[C@@H](CO)O[C@H]12,0.0
Fc1ccc(C(OCCN2CCN(CCCc3ccccc3)CC2)c2ccc(F)cc2)cc1,0.0
OCCN1CCN(CCCN2c3ccccc3Sc3ccc(C(F)(F)F)cc32)CC1,0.0
O=C(Cn1c(=O)sc2ccc(Cl)cc21)N1CCN(CCO)CC1,0.0
C=C1c2c(Cl)ccc(O)c2C(O)=C2C(=O)[C@]3(O)C(O)=C(C(N)=O)C(=O)[C@@H](N(C)C)[C@@H]3[C@@H](O)[C@H]12,0.0
CC(C)C(=O)OCC(=O)[C@@]12O[C@H](C3CCCCC3)O[C@@H]1C[C@H]1[C@@H]3CCC4=CC(=O)C=C[C@]4(C)[C@H]3[C@@H](O)C[C@@]12C,0.0
OCCN1CCN(CC/C=C2/c3ccccc3Sc3ccc(C(F)(F)F)cc32)CC1,0.0
COc1ccc2cc1Oc1ccc(cc1)C[C@H]1c3c(cc4c(c3Oc3cc5c(cc3OC)CCN(C)[C@@H]5C2)OCO4)CCN1C,0.0
Fc1ccc([C@@H]2CCNC[C@H]2COc2ccc3c(c2)OCO3)cc1,0.0
O=C(c1ccc(OCCN2CCCCC2)cc1)c1c(-c2ccc(O)cc2)sc2cc(O)ccc12,0.0
CC(=O)[C@@]12O[C@](C)(c3ccccc3)O[C@@H]1C[C@H]1[C@@H]3CCC4=CC(=O)CC[C@]4(C)[C@H]3CC[C@@]12C,0.0
O=C([O-])C[C@H](O)C[C@H](O)/C=C/c1c(C2CC2)nc2ccccc2c1-c1ccc(F)cc1,0.0
CCCCCC[C@H]1C(=O)O[C@H](C)[C@H](NC(=O)c2cccc(NC=O)c2O)C(=O)O[C@@H](C)[C@@H]1OC(=O)CC(C)C,0.0
N=C(N=C(N)N)N1CCOCC1,0.0
CC(=O)N(CC(O)CN(C(C)=O)c1c(I)c(C(=O)NCC(O)CO)c(I)c(C(=O)NCC(O)CO)c1I)c1c(I)c(C(=O)NCC(O)CO)c(I)c(C(=O)NCC(O)CO)c1I,0.0
C[C@@H]1CC[C@H]2[C@@H](C)[C@H](OC(=O)CCC(=O)O)O[C@@H]3O[C@@]4(C)CC[C@@H]1[C@@]23OO4,0.0
c1ccc([C@H]2CN3CCSC3=N2)cc1,0.0
CC(=O)OCC(=O)[C@@]1(O)CC[C@H]2[C@@H]3CCC4=CC(=O)C=C[C@]4(C)[C@@]3(Cl)[C@@H](Cl)C[C@@]21C,0.0
C#C[C@]1(O)CC[C@H]2[C@H]3[C@H](CC[C@@]21C)C1=C(CC(=O)CC1)C[C@H]3C,0.0
C[C@H](O)[C@H](O)[C@H]1CNc2nc(N)[nH]c(=O)c2N1,0.0
CN(C)[C@@H]1C(=O)C(C(N)=O)=C(O)[C@@]2(O)C(=O)C3=C(O)c4c(O)cccc4[C@@](C)(O)[C@H]3[C@H](O)[C@@H]12,0.0
CC(=O)OCC(=O)[C@@]12N=C(C)O[C@@H]1C[C@H]1[C@@H]3CCC4=CC(=O)C=C[C@]4(C)[C@H]3[C@@H](O)C[C@@]12C,0.0
Clc1ccccc1CN1CCc2sccc2C1,0.0
CC[C@H](C)[C@H](NC(=O)[C@H](Cc1ccc(O)cc1)NC(=O)[C@@H](NC(=O)[C@H](CCCN=C(N)N)NC(=O)[C@@H](N)CC(=O)O)C(C)C)C(=O)N[C@@H](Cc1cnc[nH]1)C(=O)N1CCC[C@H]1C(=O)N[C@@H](Cc1ccccc1)C(=O)O,0.0
C#C[C@]1(OC(C)=O)CC[C@H]2[C@@H]3CCC4=C[C@@H](OC(C)=O)CC[C@@H]4[C@H]3CC[C@@]21C,0.0
C#C[C@]1(O)C=C[C@H]2[C@@H]3CCC4=CC(=O)CC[C@@H]4[C@H]3CC[C@@]21CC,0.0
CC(=O)O[C@H]1C(=O)[C@]2(C)[C@@H](O)C[C@H]3OC[C@@]3(OC(C)=O)[C@H]2[C@H](OC(=O)c2ccccc2)[C@]2(O)C[C@H](OC(=O)[C@H](O)[C@@H](NC(=O)c3ccccc3)c3ccccc3)C(C)=C1C2(C)C,0.0
CC(=O)O[C@]1(C(C)=O)CC[C@H]2[C@@H]3C=C(Cl)C4=CC(=O)[C@@H]5C[C@@H]5[C@]4(C)[C@H]3CC[C@@]21C,0.0
CC(=O)S[C@@H]1CC2=CC(=O)CC[C@]2(C)[C@H]2CC[C@@]3(C)[C@@H](CC[C@@]34CCC(=O)O4)[C@@H]21,0.0
O=C(COc1ccc(Cl)cc1)N1CCN(Cc2ccc3c(c2)OCO3)CC1,0.0
CC12CC3CC(C)(C1)CC(N)(C3)C2,0.0
CCC(=O)OCC(=O)[C@@]1(OC(=O)CC)[C@@H](C)C[C@H]2[C@@H]3CCC4=CC(=O)C=C[C@]4(C)[C@@]3(Cl)[C@@H](O)C[C@@]21C,0.0
C[C@]12CC[C@H]3[C@@H](C=CC4=CC(=O)CC[C@@]43C)[C@@H]1CC[C@@]21CCC(=O)O1,0.0
CCC[C@@H]1C[C@@H](C(=O)N[C@H]([C@H](C)Cl)[C@H]2O[C@H](SC)[C@H](OP(=O)(O)O)[C@@H](O)[C@H]2O)N(C)C1,0.0
OCCOCCN1CCN(C(c2ccccc2)c2ccc(Cl)cc2)CC1,0.0
CN1C[C@H](C(=O)N[C@]2(C)O[C@@]3(O)[C@@H]4CCCN4C(=O)[C@H](Cc4ccccc4)N3C2=O)C[C@@H]2c3cccc4[nH]cc(c34)C[C@H]21,0.0
O=C(c1ccc(F)cc1)C1CCN(CCn2c(=O)[nH]c3ccccc3c2=O)CC1,0.0
NCCc1cnc[nH]1,0.0
CCC(=O)OCC(=O)[C@@]1(OC(=O)CC)[C@H](C)C[C@H]2[C@H]3[C@H]([C@@H](O)C[C@@]21C)[C@@]1(C)C=CC(=O)C=C1C[C@H]3Cl,0.0
CC(=O)O[C@H]1C[C@@H]2CC[C@@H]3[C@H](CC[C@@]4(C)[C@H]3C[C@H]([N+]3(C)CCCCC3)[C@@H]4OC(C)=O)[C@@]2(C)C[C@@H]1N1CCCCC1,0.0
C[C@]12CC[C@H](O)C[C@H]1CC[C@@H]1[C@@H]2C[C@@H](O)[C@]2(C)[C@@H](C3=CC(=O)OC3)CC[C@]12O,0.0
C#C[C@]1(O)CC[C@H]2[C@@H]3CCC4=Cc5oncc5C[C@]4(C)[C@H]3CC[C@@]21C,0.0
NC(CO)C(=O)NNCc1ccc(O)c(O)c1O,0.0
NCC(O)c1ccc(O)cc1,0.0
C[C@H]1C[C@H]2[C@@H]3CCC4=CC(=O)C=C[C@]4(C)[C@@]3(F)[C@@H](O)C[C@]2(C)[C@@]1(O)C(=O)CO,0.0
CCN[C@@H]1C[C@H](N)[C@@H](O[C@H]2OC(CN)=CC[C@H]2N)[C@H](O)[C@H]1O[C@H]1OC[C@](C)(O)[C@H](NC)[C@H]1O,0.0
CC(=O)OCC(=O)[C@@]12OC(C)(C)O[C@@H]1C[C@H]1[C@@H]3C[C@H](F)C4=CC(=O)C=C[C@]4(C)[C@@]3(F)[C@@H](O)C[C@@]12C,0.0
C1N2CN3CN1CN(C2)C3,0.0
NC[C@@H]1O[C@H](O[C@@H]2[C@@H](CO)O[C@@H](O[C@@H]3[C@@H](O)[C@H](N)C[C@H](N)[C@H]3O[C@H]3O[C@H](CO)[C@@H](O)[C@H](O)[C@H]3N)[C@@H]2O)[C@H](N)[C@@H](O)[C@@H]1O,0.0
C=CCN1CC[C@]23c4c5ccc(O)c4O[C@H]2C(=O)CC[C@@]3(O)[C@H]1C5,0.0
O=C1OC(CN2CCOCC2)CN1/N=C/c1ccc([N+](=O)[O-])o1,0.0
Cn1cc(C(=O)[C@@H]2CCc3nc[nH]c3C2)c2ccccc21,0.0
CO/N=C(\C(=O)N[C@@H]1C(=O)N2C(C(=O)[O-])=C(C[n+]3ccn4ncccc43)CS[C@H]12)c1nsc(N)n1,0.0
C#C[C@]1(O)CC[C@H]2[C@@H]3CCC4=CC(=O)CCC4=C3C=C[C@@]21CC,0.0
NCCC[C@H](N)CC(=O)N[C@H]1CNC(=O)[C@H]([C@H]2C[C@H](O)NC(N)=N2)NC(=O)/C(=C/NC(N)=O)NC(=O)[C@H](CO)NC(=O)[C@H](CO)NC1=O,0.0
CC[C@H](C)C(=O)O[C@H]1C[C@H](O)C=C2C=C[C@H](C)[C@H](CC[C@@H](O)C[C@@H](O)CC(=O)O)[C@H]21,0.0
C[N+]1(C)[C@H]2CC[C@@H]1CC(OC(=O)C(CO)c1ccccc1)C2,0.0
C=C1C[C@H]2[C@@H]3C=C(C)C4=CC(=O)CC[C@]4(C)[C@H]3CC[C@]2(C)[C@@]1(OC(C)=O)C(C)=O,0.0
O=C(OC1C[C@@H]2CC3C[C@H](C1)N2CC3=O)c1c[nH]c2ccccc12,0.0
CCC(=O)O[C@]1(C(=O)SCF)[C@H](C)C[C@H]2[C@@H]3C[C@H](F)C4=CC(=O)C=C[C@]4(C)[C@@]3(F)[C@@H](O)C[C@@]21C,0.0
CN[C@@H]1[C@@H](O[C@H]2O[C@H](CO)[C@@H](N)[C@H](O)[C@H]2O)O[C@H]2C[C@@H](N)[C@@H](O[C@@H]3[C@@H](N)C[C@@H](N)[C@H](O)[C@H]3O)O[C@@H]2[C@@H]1O,0.0
CCOC(=O)O[C@]1(C(=O)OCCl)CC[C@H]2[C@@H]3CCC4=CC(=O)C=C[C@]4(C)[C@H]3[C@@H](O)C[C@@]21C,0.0
O=c1n(CCCN2CCN(c3cccc(Cl)c3)CC2)nc2ccccn12,0.0
CC(=O)OCC(=O)[C@@]12OC3(CCCC3)O[C@@H]1C[C@H]1[C@@H]3CCC4=CC(=O)C=C[C@]4(C)[C@@]3(F)[C@@H](O)C[C@@]12C,0.0
O=C(Nc1ccccc1)OCC(CN1CCCCC1)OC(=O)Nc1ccccc1,0.0
CC1(C)S[C@@H]2[C@H](NC(=O)Cc3ccccc3)C(=O)N2[C@H]1C(=O)O,0.0
Clc1ccc(Cn2c(CN3CCCC3)nc3ccccc32)cc1,0.0
C[C@@H]1CC[C@H]2[C@@H](C)[C@@H](O)O[C@@H]3O[C@@]4(C)CC[C@@H]1[C@@]23OO4,0.0
O=P(O)(O)C(O)(Cn1ccnc1)P(=O)(O)O,0.0
OCCN1CCN(CCCN2c3ccccc3C=Cc3ccccc32)CC1,0.0
NCCc1ccc(O)c(O)c1,0.0
Nc1c(Br)cc(Br)cc1CNC1CCC(O)CC1,0.0
c1ccc2c(c1)OCC(C1=NCCN1)O2,0.0
O=C1CC2(CCCC2)CC(=O)N1CCCCN1CCN(c2ncccn2)CC1,0.0
CO[C@@H]1[C@@H](OC2OC(C)C(OC3CC(C)(O)C(O)C(C)O3)C(N(C)C)C2O)[C@@H](CC=O)C[C@@H](C)[C@@H](OC2CCC(N(C)C)C(C)O2)C=CC=CC[C@@H](C)OC(=O)C[C@H]1OC(C)=O,0.0
COc1ccc(C[C@@H]2c3cc(OC)c(OC)cc3CC[N@+]2(C)CCC(=O)OCCCCCOC(=O)CC[N@@+]2(C)CCc3cc(OC)c(OC)cc3[C@H]2Cc2ccc(OC)c(OC)c2)cc1OC,0.0
CCOC(=O)O[C@]1(C(=O)COC(=O)CC)CC[C@H]2[C@@H]3CCC4=CC(=O)C=C[C@]4(C)[C@H]3[C@@H](O)C[C@@]21C,0.0
C=C[C@H]1CN2CC[C@H]1C[C@@H]2[C@@H](O)c1ccnc2ccc(OC)cc12,0.0
Nc1c2c(nc3ccccc13)CCCC2,0.0
CC[C@H]1OC(=O)[C@H](C)[C@@H](O[C@H]2C[C@@](C)(OC)[C@@H](O)[C@H](C)O2)[C@H](C)[C@@H](O[C@@H]2O[C@H](C)C[C@H](N(C)C)[C@H]2O)[C@](C)(O)C[C@@H](C)CN(C)[C@H](C)[C@@H](O)[C@]1(C)O,0.0
CC1(C)O[C@@H]2C[C@H]3[C@@H]4CCC5=CC(=O)C=C[C@]5(C)[C@H]4[C@@H](O)C[C@]3(C)[C@]2(C(=O)CO)O1,0.0
C=C1CC[C@@]2(O)[C@H]3Cc4ccc(O)c5c4[C@@]2(CCN3CC2CC2)[C@H]1O5,0.0
O=C1c2cccc3c2[C@H](CCC3)CN1[C@@H]1CN2CCC1CC2,0.0
CC1(C)O[C@@H]2C[C@H]3[C@@H]4C[C@H](F)C5=CC(=O)C=C[C@]5(C)[C@@]4(F)[C@@H](O)C[C@]3(C)[C@]2(C(=O)CO)O1,0.0
CN(C)[C@@H]1C(=O)C(C(=O)NCNCCCC[C@H](N)C(=O)O)=C(O)[C@@]2(O)C(=O)C3=C(O)c4c(O)cccc4[C@@](C)(O)[C@H]3C[C@@H]12,0.0
OC(CCCN1CCCCC1)(c1ccccc1)c1ccccc1,0.0
CO[C@H]1/C=C/O[C@@]2(C)Oc3c(C)c(O)c4c(O)c(c5c(c4c3C2=O)NC2(CCN(CC(C)C)CC2)N=5)=NC(=O)/C(C)=C\C=C\[C@H](C)[C@H](O)[C@@H](C)[C@@H](O)[C@@H](C)[C@H](OC(C)=O)[C@@H]1C,0.0
CC(=O)O[C@]1(C(C)=O)CC[C@H]2[C@@H]3C=C(C)C4=CC(=O)CC[C@@H]4[C@H]3CC[C@@]21C,0.0
NC(=O)C(c1ccccc1)(c1ccccc1)[C@@H]1CCN(CCc2ccc3c(c2)CCO3)C1,0.0
CC[C@@H]([C@H](C)O)n1ncn(-c2ccc(N3CCN(c4ccc(OC[C@@H]5CO[C@@](Cn6cncn6)(c6ccc(F)cc6F)C5)cc4)CC3)cc2)c1=O,0.0
C=C[C@H]1CN2CC[C@H]1C[C@H]2[C@H](OC(=O)OCC)c1ccnc2ccc(OC)cc12,0.0
CNC1(C)C2CCC(C2)C1(C)C,0.0
CO[C@H]1/C=C/O[C@@]2(C)Oc3c(C)c(O)c4c(O)c(c(/C=N/N5CCN(C6CCCC6)CC5)c(O)c4c3C2=O)NC(=O)/C(C)=C\C=C\[C@H](C)[C@H](O)[C@@H](C)[C@@H](O)[C@@H](C)[C@H](OC(C)=O)[C@@H]1C,0.0
CCCC(CCC)C(=O)OC1C[C@@H]2CC[C@H](C1)[N+]2(C)C,0.0
CCCC1O[C@@H]2C[C@H]3[C@@H]4CCC5=CC(=O)C=C[C@]5(C)[C@H]4[C@@H](O)C[C@]3(C)[C@]2(C(=O)CO)O1,0.0
C[C@@H]1C[C@H]2[C@@H]3C[C@H](F)C4=CC(=O)C=C[C@]4(C)[C@@]3(F)[C@@H](O)C[C@]2(C)[C@@]1(O)C(=O)COC(=O)C(C)(C)C,0.0
OC(CCN1CCCC1)(c1ccccc1)C1CCCCC1,0.0
C=CC[C@@H]1/C=C(\C)C[C@H](C)C[C@H](OC)[C@H]2O[C@@](O)(C(=O)C(=O)N3CCCC[C@H]3C(=O)O[C@H](/C(C)=C/[C@@H]3CC[C@@H](O)[C@H](OC)C3)[C@H](C)[C@@H](O)CC1=O)[C@H](C)C[C@@H]2OC,0.0
COc1ccc2c(c1)[C@]13CCCC[C@@H]1[C@H](C2)N(C)CC3,0.0
O=C1[C@H]2CCCC[C@H]2C(=O)N1CCCCN1CCN(c2nsc3ccccc23)CC1,0.0
OC(CCN1CCCCC1)(c1ccccc1)C1CC2C=CC1C2,0.0
C=CC[C@]1(O)CC[C@H]2[C@@H]3CCC4=CC(=O)CCC4=C3C=C[C@@]21C,0.0
CC[C@H]1OC(=O)[C@H](C)[C@@H](O[C@H]2C[C@@](C)(OC)[C@@H](O)[C@H](C)O2)[C@H](C)[C@@H](O[C@@H]2O[C@H](C)C[C@H](N(C)C)[C@H]2O)[C@](C)(OC)C[C@@H](C)C(=O)[C@H](C)[C@@H](O)[C@]1(C)O,0.0
COc1ccc(CC2c3cc(OC)c(OC)cc3CC[N+]2(C)CCC(=O)OCCCCCOC(=O)CC[N+]2(C)CCc3cc(OC)c(OC)cc3C2Cc2ccc(OC)c(OC)c2)cc1OC,0.0
O=C(O)/C=C/c1ccc(Cn2ccnc2)cc1,0.0
CO[C@H]1/C=C/O[C@@]2(C)Oc3c(C)c(O)c4c(O)c(c(/C=N/N5CCN(C)CC5)c(O)c4c3C2=O)NC(=O)/C(C)=C\C=C\[C@H](C)[C@H](O)[C@@H](C)[C@@H](O)[C@@H](C)[C@H](OC(C)=O)[C@@H]1C,0.0
CC(=O)O[C@H]1C[C@H](O[C@H]2[C@@H](O)C[C@H](O[C@H]3[C@@H](O)C[C@H](O[C@H]4CC[C@]5(C)[C@H]6C[C@@H](O)[C@]7(C)[C@@H](C8=CC(=O)OC8)CC[C@]7(O)[C@@H]6CC[C@@H]5C4)O[C@@H]3C)O[C@@H]2C)O[C@H](C)[C@H]1O[C@@H]1O[C@H](CO)[C@@H](O)[C@H](O)[C@H]1O,0.0
O=C1NCC2(CCN(CCc3ccccc3)CC2)O1,0.0
CC[C@H]1OC(=O)C[C@@H](O)[C@H](C)[C@@H](O[C@@H]2O[C@H](C)[C@@H](O[C@H]3C[C@@](C)(O)[C@@H](O)[C@H](C)O3)[C@H](N(C)C)[C@H]2O)[C@@H](CC=O)C[C@@H](C)C(=O)/C=C/C(C)=C/[C@@H]1CO[C@@H]1O[C@H](C)[C@@H](O)[C@@H](OC)[C@H]1OC,0.0
NCCNCCNCCNCCN,0.0
CO[C@@H]1[C@@H](OC2OC(C)C(OC3CC(C)(O)C(O)C(C)O3)C(N(C)C)C2O)[C@@H](CC=O)C[C@@H](C)[C@@H](OC2CCC(N(C)C)C(C)O2)/C=C/C=C/C[C@@H](C)OC(=O)C[C@H]1O,0.0
NCCc1c[nH]c2ccc(O)cc12,0.0
CC[C@H](C)C(=O)O[C@H]1CCC=C2C=C[C@H](C)[C@H](CC[C@@H]3C[C@@H](O)CC(=O)O3)[C@H]21,0.0
NC[C@H]1O[C@H](O[C@@H]2[C@@H](N)C[C@@H](N)[C@H](O[C@H]3O[C@H](CO)[C@@H](O)[C@H](N)[C@H]3O)[C@H]2O)[C@H](N)[C@@H](O)[C@@H]1O,0.0
COc1ccc2c3c1O[C@H]1C[C@@H](O)C=C[C@@]31CCN(C)C2,0.0
CN[C@@H]1[C@@H](O)[C@@H](O[C@@H]2[C@@H](O)[C@H](O[C@H]3OC(CN)=CC[C@H]3N)[C@@H](N)C[C@H]2N)OC[C@]1(C)O,0.0
NCCc1ccn[nH]1,0.0
CCC(C)CCCC(=O)N[C@@H](CCN)C(=O)N[C@H](C(=O)N[C@@H](CCN)C(=O)N[C@H]1CCNC(=O)[C@H]([C@@H](C)O)NC(=O)[C@H](CCN)NC(=O)[C@H](CCN)NC(=O)[C@H](CC(C)C)NC(=O)[C@@H](CC(C)C)NC(=O)[C@H](CCN)NC1=O)[C@@H](C)O,0.0
CC(=O)OCC(=O)[C@@]1(OC(C)=O)[C@@H](C)C[C@H]2[C@@H]3C[C@H](F)C4=CC(=O)C=C[C@]4(C)[C@@]3(F)[C@@H](O)C[C@@]21C,0.0
c1ccc(C2CN3CCSC3=N2)cc1,0.0
Nc1nc2ccc(OC(F)(F)F)cc2s1,0.0
COc1ccc([C@@H]2CC(=O)c3c(O)cc(O[C@@H]4O[C@H](CO[C@@H]5O[C@@H](C)[C@H](O)[C@@H](O)[C@H]5O)[C@@H](O)[C@H](O)[C@H]4O)cc3O2)cc1O,0.0
COCCCOc1cc(C[C@@H](C[C@H](N)[C@@H](O)C[C@H](C(=O)NCC(C)(C)C(N)=O)C(C)C)C(C)C)ccc1OC,0.0
CN(C)CCCC1(c2ccc(F)cc2)OCc2cc(C#N)ccc21,0.0
c1ccc(CC2=NCCN2)cc1,0.0
CC(=O)O[C@H]1C[C@@H]2CC[C@@H]3[C@H](CC[C@@]4(C)[C@H]3C[C@H]([N+]3(C)CCCCC3)[C@@H]4OC(C)=O)[C@@]2(C)C[C@@H]1[N+]1(C)CCCCC1,0.0
NC[C@H]1O[C@H](O[C@@H]2[C@@H](N)C[C@@H](N)[C@H](O[C@H]3O[C@H](CO)[C@@H](O)[C@H](N)[C@H]3O)[C@H]2O)[C@H](N)C[C@@H]1O,0.0
CC(C)(O/N=C(\C(=O)N[C@@H]1C(=O)N2C(C(=O)[O-])=C(C[n+]3ccccc3)CS[C@H]12)c1csc(N)n1)C(=O)O,0.0
CCCC[N+]1(C)[C@H]2CC(OC(=O)[C@H](CO)c3ccccc3)C[C@@H]1[C@H]1O[C@@H]21,0.0
COc1ccc(-c2cc(=O)c3c(O)cc(O[C@@H]4O[C@H](CO[C@@H]5O[C@@H](C)[C@H](O)[C@@H](O)[C@H]5O)[C@@H](O)[C@H](O)[C@H]4O)cc3o2)cc1O,0.0
CCC[C@@H]1C[C@@H](C(=O)N[C@H]([C@@H](C)O)[C@H]2O[C@H](SC)[C@H](O)[C@@H](O)[C@H]2O)N(C)C1,0.0
CO[C@H]1C[C@H](O[C@@H]2[C@@H](C)C(=O)O[C@H](C)[C@H](C)[C@H](OC(C)=O)[C@@H](C)C(=O)[C@]3(CO3)C[C@H](C)[C@H](O[C@@H]3O[C@H](C)C[C@H](N(C)C)[C@H]3OC(C)=O)[C@H]2C)O[C@@H](C)[C@@H]1OC(C)=O,0.0
C[C@@H]1C[C@H]2[C@@H]3CCC4=CC(=O)C=C[C@]4(C)[C@@]3(Cl)[C@@H](O)C[C@]2(C)[C@@]1(OC(=O)c1ccco1)C(=O)CCl,0.0
Nc1nc(NC2CC2)c2ncn([C@H]3C=C[C@@H](CO)C3)c2n1,0.0
CC1(C)O[C@@H]2C[C@H]3[C@@H]4CCC5=CC(=O)CC[C@]5(C)[C@@]4(F)[C@@H](O)C[C@]3(C)[C@]2(C(=O)CCl)O1,0.0
C=CC[N@@+]12CC[C@@]34c5ccccc5N5/C=C6/[C@H]7C[C@H]8[C@@]9(CC[N@@+]8(CC=C)C/C7=C/CO)c7ccccc7N(/C=C(/[C@@H](C[C@@H]31)/C(=C\CO)C2)[C@H]54)[C@@H]69,0.0
CC1(C)O[C@@H]2C[C@H]3[C@@H]4C[C@H](F)C5=CC(=O)CC[C@]5(C)[C@H]4[C@@H](O)C[C@]3(C)[C@]2(C(=O)CO)O1,0.0
O=C(O)c1cn(C2CC2)c2cc(N3CCNCC3)c(F)cc2c1=O,0.0
CC[C@H]1OC(=O)[C@H](C)[C@@H](O[C@H]2C[C@@](C)(OC)[C@@H](O)[C@H](C)O2)[C@H](C)[C@@H](O[C@@H]2O[C@H](C)C[C@H](N(C)C)[C@H]2O)[C@](C)(O)C[C@@H](C)C(=O)[C@H](C)[C@@H](O)[C@]1(C)O,0.0
C[C@H]1O[C@H](O[C@@H]2[C@@H](CO)O[C@H](O[C@@H]3[C@@H](CO)OC(O)[C@H](O)[C@H]3O)[C@H](O)[C@H]2O)[C@H](O)[C@@H](O)[C@@H]1N[C@H]1C=C(CO)[C@@H](O)[C@H](O)[C@H]1O,0.0
COc1cc([C@@H]2c3cc4c(cc3[C@@H](O[C@@H]3O[C@@H]5CO[C@@H](C)O[C@H]5[C@H](O)[C@H]3O)[C@H]3COC(=O)[C@H]23)OCO4)cc(OC)c1O,0.0
N[C@@H]1C[C@H]1c1ccccc1,0.0
C/C(=C\C(=O)OCCCCCCCCC(=O)O)C[C@@H]1OC[C@H](C[C@@H]2O[C@H]2[C@@H](C)[C@H](C)O)[C@@H](O)[C@H]1O,0.0
NC(N)=NC(=O)c1nc(Cl)c(N)nc1N,0.0
NCC1OC(OC2C(N)CC(N)C(O)C2O[C@@H]2O[C@H](CO)[C@H](O)C2O)C(N)C(O)C1O,0.0
c1ccc2c(c1)CCCC2C1=NCCN1,0.0
c1ccc2c(CC3=NCCN3)cccc2c1,0.0
C=C(C)[C@H]1[C@@H]2C(=O)O[C@H]1[C@H]1OC(=O)[C@@]34O[C@@H]3C[C@]2(O)[C@@]14C,0.0
NCc1ccc(S(N)(=O)=O)cc1,0.0
Clc1cccc(Cl)c1NC1=NCCN1,0.0
CN[C@H](C)[C@@H]1CC[C@@H](N)[C@@H](O[C@@H]2[C@@H](N)C[C@@H](N)[C@H](O[C@H]3OC[C@](C)(O)[C@H](NC)[C@H]3O)[C@H]2O)O1,0.0
O=C(OCC(O)CO)c1ccccc1Nc1ccnc2cc(Cl)ccc12,0.0
CC[C@H]1OC(=O)[C@H](C)[C@@H](O[C@H]2C[C@@](C)(OC)[C@@H](O)[C@H](C)O2)[C@H](C)[C@@H](O[C@@H]2O[C@H](C)C[C@H](N(C)C)[C@H]2O)[C@](C)(O)C[C@@H](C)/C(=N\OCOCCOC)[C@H](C)[C@@H](O)[C@]1(C)O,0.0
C[N+]1(C)CCOC(O)(c2ccc(-c3ccc(C4(O)C[N+](C)(C)CCO4)cc3)cc2)C1,0.0
NC(N)=NCC1COC2(CCCCC2)O1,0.0
CN[C@H]1[C@@H](O)[C@@H](NC)[C@H](O)[C@H]2O[C@@H]3O[C@H](C)CC(=O)[C@]3(O)O[C@H]12,0.0
O=C1CC[C@@]2(O)[C@H]3Cc4ccc(O)c5c4[C@@]2(CCN3CC2CC2)[C@H]1O5,0.0
NC(N)=NC(=O)Cc1c(Cl)cccc1Cl,0.0
CO[C@@H]1[C@@H](O[C@@H]2O[C@H](C)[C@@H](O[C@H]3C[C@@](C)(O)[C@@H](OC(=O)CC(C)C)[C@H](C)O3)[C@H](N(C)C)[C@H]2O)[C@@H](CC=O)C[C@@H](C)[C@@H](O)/C=C/C=C/C[C@@H](C)OC(=O)C[C@H]1OC(C)=O,0.0
Nc1ccc(N=Nc2ccccc2)c(N)n1,0.0
OC[C@H]1O[C@H](O[C@H]2O[C@H](CO)[C@@H](O)[C@H](O)[C@H]2O)[C@H](O)[C@@H](O)[C@@H]1O,0.0
CCC[C@@H]1C[C@@H](C(=O)N[C@H]([C@H](C)Cl)[C@H]2O[C@H](SC)[C@H](O)[C@@H](O)[C@H]2O)N(C)C1,0.0
CC(Cc1ccc(O)cc1)NCC(O)c1cc(O)cc(O)c1,0.0
Clc1ccc(C(OCCN2CCCCC2)c2ccccc2)cc1,0.0
NCC[C@H](O)C(=O)N[C@@H]1C[C@H](N)[C@@H](O[C@H]2O[C@H](CN)[C@@H](O)[C@H](O)[C@H]2O)[C@H](O)[C@H]1O[C@H]1O[C@H](CO)[C@@H](O)[C@H](N)[C@H]1O,0.0
C[C@@H](O)[C@H]1C(=O)N2C(C(=O)O)=C(S[C@@H]3CN[C@H](CNS(N)(=O)=O)C3)[C@H](C)[C@H]12,0.0
c1ccc(CN(CC2=NCCN2)c2ccccc2)cc1,0.0
C[C@]12CC[C@@H]3c4ccc(O)cc4C[C@@H](CCCCCCCCCS(=O)CCCC(F)(F)C(F)(F)F)[C@H]3[C@@H]1CC[C@@H]2O,0.0
CCC(=O)[C@@]1(C)[C@H](C)C[C@H]2[C@@H]3CCC4=CC(=O)C=C[C@]4(C)[C@H]3[C@@H](O)C[C@@]21C,0.0
NC[C@H]1O[C@H](O[C@@H]2[C@@H](N)C[C@@H](N)[C@H](O[C@H]3O[C@H](CO)[C@@H](O)[C@H](N)[C@H]3O)[C@H]2O)[C@H](O)[C@@H](O)[C@@H]1O,0.0
Oc1ccc2c3c1O[C@H]1[C@@H](O)CC[C@@]4(O)[C@@H](C2)N(CC2CCC2)CC[C@]314,0.0
O=S(=O)(c1cccc2cnccc12)N1CCCNCC1,0.0
C[C@H]1O[C@@H](O[C@H]2[C@@H](O)C[C@H](O[C@H]3[C@@H](O)C[C@H](O[C@H]4CC[C@]5(C)[C@H]6C[C@@H](O)[C@]7(C)[C@@H](C8=CC(=O)OC8)CC[C@]7(O)[C@@H]6CC[C@@H]5C4)O[C@@H]3C)O[C@@H]2C)C[C@H](O)[C@@H]1O,0.0
CCC(=O)O[C@]1(C(=O)CCl)[C@@H](C)C[C@H]2[C@@H]3CCC4=CC(=O)C=C[C@]4(C)[C@@]3(F)[C@@H](O)C[C@@]21C,0.0
CO[C@H]1/C=C/O[C@@]2(C)Oc3c(C)c(O)c4c(O)c(c5c(nc6cc(C)ccn65)c4c3C2=O)NC(=O)/C(C)=C\C=C\[C@H](C)[C@H](O)[C@@H](C)[C@@H](O)[C@@H](C)[C@H](OC(C)=O)[C@@H]1C,0.0
CN[C@@H]1[C@H](O[C@H]2[C@H](O[C@@H]3[C@@H](N=C(N)N)[C@H](O)[C@@H](N=C(N)N)[C@H](O)[C@H]3O)O[C@@H](C)[C@]2(O)C=O)O[C@@H](CO)[C@H](O)[C@H]1O,0.0
N[C@@H]1CCCCN(c2c(F)cc3c(=O)c(C(=O)O)cn(C4CC4)c3c2Cl)C1,0.0
CN1[C@H]2CC(OC(=O)[C@H](CO)c3ccccc3)C[C@@H]1[C@H]1O[C@@H]21,0.0
CC1(C)O[C@@H]2C[C@H]3[C@@H]4C[C@H](F)C5=CC(=O)C=C[C@]5(C)[C@H]4[C@@H](O)C[C@]3(C)[C@]2(C(=O)CO)O1,0.0
O=C([O-])[C@H](O)[C@@H](O)C(=O)O,0.0
NNc1nncc2ccccc12,0.0
CC(=O)[C@@]1(O)CC[C@H]2[C@@H]3C[C@H](C)C4=CC(=O)C=C[C@]4(C)[C@@]3(F)[C@@H](O)C[C@@]21C,0.0
O=C(O)COCCN1CCN(C(c2ccccc2)c2ccc(Cl)cc2)CC1,0.0
NC[C@@H]1O[C@H](O[C@@H]2[C@@H](CO)O[C@@H](O[C@@H]3[C@@H](O)[C@H](N)C[C@H](N)[C@H]3O[C@H]3O[C@H](CN)[C@@H](O)[C@H](O)[C@H]3N)[C@@H]2O)[C@H](N)[C@@H](O)[C@@H]1O,0.0
CCC(=O)O[C@H]1[C@H](C)O[C@@H](O[C@@H]2[C@@H](C)O[C@@H](O[C@@H]3[C@@H](OC)[C@H](OC(=O)CC)CC(=O)O[C@H](C)C/C=C/C=C/[C@H](O)[C@H](C)C[C@@H]3CC=O)[C@H](O)[C@H]2N(C)C)C[C@@]1(C)O,0.0
C[C@@H]1CC[C@H]2[C@@H](C)C(=O)O[C@@H]3O[C@@]4(C)CC[C@@H]1[C@]32OO4,0.0
CC(C)(C)CC(C)(C)c1ccc(O)cc1,0.0
C=C1/C(=C\C=C2/CCC[C@@]3(C)[C@H]2CC[C@@H]3[C@H](C)/C=C/[C@@H](O)C2CC2)C[C@@H](O)C[C@@H]1O,0.0
CC[C@H]1OC(=O)[C@H](C)[C@@H](O[C@H]2C[C@@](C)(OC)[C@@H](O)[C@H](C)O2)[C@H](C)[C@@H](O[C@@H]2O[C@H](C)C[C@H](N(C)C)[C@H]2O)[C@](C)(O)C[C@@H](C)[C@@H]2N[C@@H](COCCOC)O[C@H]([C@H]2C)[C@]1(C)O,0.0
CN[C@@H]1[C@H](O[C@H]2[C@H](O[C@@H]3[C@@H](N=C(N)N)[C@H](O)[C@@H](N=C(N)N)[C@H](O)[C@H]3O)O[C@@H](C)[C@]2(O)CO)O[C@@H](CO)[C@H](O)[C@H]1O,0.0
NC1CCN(c2nc3c(cc2F)c(=O)c(C(=O)O)cn3-c2ccc(F)cc2F)C1,0.0
C[C@@H]1C[C@H]2[C@@H]3C[C@H](F)C4=CC(=O)C=C[C@]4(C)[C@@]3(Cl)[C@@H](O)C[C@]2(C)[C@H]1C(=O)COC(=O)C(C)(C)C,0.0
C[N+]1([O-])[C@H]2CC(OC(=O)[C@H](CO)c3ccccc3)C[C@@H]1[C@H]1O[C@@H]21,0.0
CC(=O)OCC(=O)[C@@]1(O)[C@H](C)C[C@H]2[C@@H]3CCC4=CC(=O)C=C[C@]4(C)[C@@]3(F)[C@@H](O)C[C@@]21C,0.0
C[C@]12C[C@H](O)[C@@]3(F)[C@@H](CCC4=CC(=O)C=C[C@@]43C)[C@@H]1C[C@@H](O)[C@]2(O)C(=O)CO,0.0
C[C@@H]1C[C@H]2[C@@H]3C[C@H](F)C4=CC(=O)C=C[C@]4(C)[C@@]3(F)[C@@H](O)C[C@]2(C)[C@@]1(O)C(=O)CO,0.0
CC(=O)O[C@@]12CO[C@@H]1C[C@H](O)[C@@]1(C)C(=O)[C@H](O)C3=C(C)[C@@H](OC(=O)[C@H](O)[C@@H](NC(=O)OC(C)(C)C)c4ccccc4)C[C@@](O)([C@@H](OC(=O)c4ccccc4)[C@@H]12)C3(C)C,0.0
C=Cc1c(C)c2cc3nc(cc4[nH]c(cc5nc(cc1[nH]2)C(C)=C5CCC(=O)O)c(CCC(=O)OC)c4C)[C@@]1(C)C3=CC=C(C(=O)OC)[C@H]1C(=O)OC,0.0
